Date,NumberOfTickerMentions,Ticker,Title,Vader Neg,Vader Neut,Vader Pos,textblob Negative,textblob Neut,textblob Positive
2021-01-27,11.0,GME,GME YOLO update â€” Jan 27 2021 --------------------------------------- guess i need 102 characters in title now,62.0,280.0,155.0,127.0,227.0,143.0
2021-01-27,8.0,GME,AOC got our backs,69.0,257.0,175.0,106.0,196.0,199.0
2021-01-28,21.0,GME,Can we all take a moment and appreciate the Mods who have grinded through this and held our community together. Thank you.,39.0,235.0,224.0,67.0,258.0,173.0
2021-01-27,18.0,GME,PREACH,94.0,266.0,129.0,133.0,172.0,184.0
2021-01-26,21.0,GME,GME YOLO update â€” Jan 26 2021,75.0,284.0,139.0,117.0,224.0,157.0
2021-01-27,14.0,GME,"I can now write my mom a check and put my sister through lymes treatment. This has been a very rough year, but Iâ€™m so thankful for every single one of you.",56.0,233.0,195.0,99.0,129.0,256.0
2021-01-28,30.0,GME,Where do we go from here and who is going to step up to help us?,89.0,272.0,134.0,152.0,178.0,165.0
2021-01-27,16.0,GME,CNBC Gives Billionaires A Pass But Calls For Regulation When The Little Guy Makes Money,86.0,281.0,127.0,140.0,164.0,190.0
2021-01-27,16.0,GME,Some dickhead on CNN said the government should ban people for talking about the stock market on the internet. This ainâ€™t China bro,117.0,274.0,106.0,145.0,186.0,166.0
2021-01-27,23.0,GME,This is us 2030,67.0,256.0,147.0,114.0,200.0,156.0
2021-01-27,23.0,GME,Honorary WSB Autist award goes to Chamath Palihapitiya! He is out here defending us retail investors and calling out hedge funds for their manipulation and bullshit practices that have left retail holding the bag for YEARS. GME goingðŸš€ðŸš€ðŸš€ðŸš€ðŸš€ðŸš€,70.0,276.0,149.0,121.0,175.0,199.0
2021-01-22,36.0,GME,GME YOLO update â€” Jan 22 2021,66.0,272.0,160.0,128.0,175.0,195.0
2021-01-27,22.0,GME,DFV(u/DeepFuckingValue) Just Got A Shoutout From Our Favorite Analyst,51.0,248.0,154.0,88.0,191.0,174.0
2021-01-25,25.0,GME,GME YOLO update â€” Jan 25 2021,68.0,297.0,131.0,114.0,212.0,170.0
2021-01-23,23.0,GME,I love you guys ðŸ˜˜,49.0,280.0,168.0,120.0,173.0,204.0
2021-01-27,43.0,GME,So much for college ðŸ¤£,76.0,263.0,160.0,124.0,178.0,197.0
2021-01-26,26.0,GME,"6M in GameStop GME. Following through. Canâ€™t stop, wonâ€™t stop, lift off",70.0,276.0,150.0,112.0,193.0,191.0
2021-01-27,26.0,GME,Bought at the top to encourage you retards to not give up,87.0,247.0,150.0,121.0,204.0,159.0
2021-01-27,27.0,GME,WSB Hedge Fund,64.0,257.0,163.0,102.0,235.0,147.0
2021-01-25,12.0,GME,Can I get a flair for buying GME at the literal top ($155.29)?,74.0,263.0,152.0,99.0,223.0,167.0
2021-01-27,20.0,GME,GME Endgame,60.0,256.0,178.0,126.0,153.0,215.0
2021-01-27,16.0,GME,Chamath Palihapitiya schools Scott Wapner on what the real issue is. CNBC didn't upload this on youtube!,115.0,273.0,109.0,157.0,135.0,205.0
2021-01-28,15.0,GME,WSB'S REVENGE - CALLING ALL ðŸ¦ðŸ¦ðŸ¦ TO KEEP YOUR ðŸŒðŸŒðŸŒ AWAY FROM THE ðŸðŸðŸ,66.0,259.0,174.0,113.0,219.0,167.0
2021-01-03,3.0,GME,sounds right,84.0,259.0,151.0,104.0,189.0,201.0
2021-01-27,9.0,GME,When you read fake news on CNBC that Melvin supposedly closed out,100.0,280.0,106.0,135.0,198.0,153.0
2021-01-27,16.0,GME,DONT FALL FOR THE FAKE BS REPORT BY CNBC,93.0,262.0,141.0,164.0,164.0,168.0
2021-01-28,28.0,GME,None of these individuals are part of Wallstreet Bets. Nobody speaks for WSB.,106.0,267.0,125.0,160.0,185.0,153.0
2021-01-26,8.0,GME,$500 Donation For Every $50 Increase in GME Price. $1000 Donation To St Jude So Far ðŸ’ŽðŸ™ŒðŸš€,26.0,258.0,205.0,94.0,183.0,212.0
2021-01-13,25.0,GME,GME YOLO update â€” Jan 13 2021,66.0,288.0,136.0,108.0,231.0,151.0
2021-01-26,29.0,GME,He is one of us!,63.0,277.0,153.0,115.0,210.0,168.0
2021-01-26,10.0,GME,IM GONNA CUM!ðŸš€ðŸš€,99.0,247.0,152.0,138.0,211.0,149.0
2021-01-10,7.0,GME,Wallstreetsbets getting infiltrated by CCP?,103.0,268.0,125.0,144.0,184.0,168.0
2021-01-14,5.0,GME,I spent four hours writing Hamilton-themed PLTR propaganda and I was told by the mods I needed to rap it myself for it to stay up so I apologize in advance for what you are about to hear.,46.0,251.0,201.0,85.0,188.0,225.0
2021-01-27,6.0,GME,"The GME Thread, Part 3.14, for January 27, 2021",94.0,282.0,114.0,191.0,146.0,153.0
2021-01-18,1.0,GME,Good Gourd,84.0,266.0,136.0,101.0,218.0,167.0
2021-01-27,3.0,GME,I want to thank you guys for saving my best friends life!,31.0,188.0,229.0,57.0,166.0,225.0
2021-01-24,14.0,GME,How'd you guys manage to win so big it made these old guys drown in their tears?,98.0,278.0,118.0,130.0,182.0,182.0
2021-01-15,20.0,GME,Don't relent now boys. I just bought 1000 on margin. ðŸš€,68.0,260.0,159.0,96.0,213.0,178.0
2021-01-26,40.0,GME,Someone is actively driving attention to non-GME posts on reddit. Don't be fooled comrades. ðŸ’ŽðŸ™ŒðŸš€ðŸš€ðŸš€,75.0,276.0,143.0,139.0,206.0,149.0
2021-01-07,6.0,GME,"Elon Musk is now the richest person in the world, passing Jeff Bezos",88.0,254.0,154.0,104.0,213.0,179.0
2021-01-19,12.0,GME,The Tendieman - Lyrics and video by u/quigonshin,34.0,260.0,185.0,59.0,208.0,212.0
2021-01-28,9.0,GME,I see dead hedge funds,39.0,192.0,97.0,68.0,143.0,117.0
2021-01-27,11.0,GME,POWER TO THE PLAYERS,32.0,153.0,86.0,43.0,142.0,86.0
2021-01-26,35.0,GME,GME EndGame part 3: A new opponent enters the ring,76.0,278.0,139.0,154.0,145.0,194.0
2021-01-26,21.0,GME,This Autist filed an SEC complaint against Melvin Capital. It aint much but its honest work.,91.0,263.0,127.0,119.0,205.0,157.0
2021-01-14,11.0,GME,Watching everyone post millions in Gain Porn as I continue to hold my 15 GME shares.,47.0,244.0,201.0,89.0,222.0,181.0
2021-01-26,15.0,GME,Our favorite analyst has spoken!,63.0,275.0,153.0,100.0,212.0,179.0
2021-01-27,14.0,GME,Even the MOOCH knows weâ€™re coming for the suits!!!,86.0,194.0,77.0,92.0,167.0,98.0
2021-01-26,24.0,GME,Elon is Lurking the WSB Discord,88.0,272.0,129.0,102.0,224.0,163.0
2021-01-25,10.0,GME,IM NOT SELLING THIS UNTIL AT LEAST $1000+ GME ðŸš€ðŸš€ðŸš€ðŸš€ðŸš€ðŸš€ BUCKLE THE FUCK UP,106.0,270.0,117.0,158.0,187.0,148.0
2021-01-19,17.0,GME,GME YOLO update â€” Jan 19 2021,62.0,282.0,146.0,109.0,233.0,148.0
2021-01-27,15.0,GME,GME price is too damn low !,52.0,227.0,89.0,59.0,210.0,99.0
2021-01-26,7.0,GME,"Financial Times of London quoting u/openposition69, what is happening? ðŸš€ðŸš€ðŸš€",73.0,247.0,151.0,106.0,192.0,173.0
2021-01-24,9.0,GME,Boys we are literally going to the moon!,76.0,267.0,104.0,110.0,205.0,132.0
2021-01-13,3.0,GME,Who's in control here? We are! ðŸš€ðŸš€ðŸš€ðŸ¤‘ðŸ¤‘ðŸ¤‘ðŸŒ•ðŸŒ•ðŸŒ•,58.0,310.0,127.0,108.0,252.0,135.0
2021-01-21,24.0,GME,The face of a man days from bankruptcy,95.0,270.0,128.0,128.0,185.0,180.0
2021-01-27,10.0,GME,PAPA Chamath!â¤,36.0,141.0,54.0,49.0,104.0,78.0
2021-01-27,13.0,GME,I have hit a million! GME to the moon!ðŸš€ðŸš€ðŸš€ðŸš€ðŸš€ðŸš€ðŸš€ðŸš€ðŸš€ðŸš€ðŸš€ðŸš€ðŸš€ðŸš€ðŸš€ðŸš€ðŸš€ðŸš€ðŸš€ðŸš€ðŸš€ðŸš€ðŸš€ðŸš€ðŸš€ðŸš€ðŸš€ðŸš€ðŸš€ðŸš€,43.0,238.0,155.0,111.0,166.0,159.0
2021-01-04,1.0,GME,When you find out that the founder of your largest e-commerce competitor is missing,104.0,268.0,108.0,118.0,206.0,156.0
2021-01-21,12.0,GME,WSB gets emotional on Mad Money,68.0,278.0,146.0,137.0,162.0,193.0
2021-01-25,29.0,GME,We fucking did it bois,85.0,256.0,157.0,139.0,174.0,185.0
2021-01-26,11.0,GME,Target Acquired,77.0,262.0,135.0,103.0,256.0,115.0
2021-01-27,3.0,GME,Chamath Palihapitiya - Thanks for supporting us at NBC today,40.0,180.0,132.0,69.0,146.0,137.0
2021-01-27,6.0,GME,"6 days ago : ""If GME reaches 200 by end of year I will get this tattooed on my ass"" - /u/Camel-Kid",82.0,195.0,82.0,54.0,215.0,90.0
2021-01-22,31.0,GME,First 20 bagger! GME to 100 EOW,66.0,271.0,158.0,116.0,200.0,179.0
2021-01-28,21.0,GME,"Why AMC, Blackberry, Nok went down during after hours",86.0,271.0,140.0,121.0,204.0,172.0
2021-01-22,11.0,GME,Ladies and Gentlemen... We got him.,85.0,296.0,107.0,122.0,216.0,150.0
2021-01-06,3.0,GME,Papa Musk watching the Q4 delivery numbers roll in,47.0,209.0,95.0,70.0,176.0,105.0
2021-01-27,64.0,GME,Me selling all my NOK and AMC to buy GME,49.0,251.0,189.0,76.0,217.0,196.0
2021-01-27,2.0,GME,Recording of GME rocket lift off. Kramer losing his mind.,38.0,166.0,222.0,65.0,230.0,131.0
2021-01-27,53.0,GME,$NOK $BB $BBBY $GME $AMC $EXPR,48.0,210.0,88.0,72.0,150.0,124.0
2021-01-09,5.0,GME,TSLA - Best $100K Iâ€™ve ever spent. When do I hop off the tendie coaster???,72.0,273.0,148.0,114.0,165.0,214.0
2021-01-27,35.0,GME,Curious why Papa Elon is shilling $GME? Itâ€™s because Melvin Capital shorted $TSLA for years and bragged about it.,64.0,256.0,177.0,106.0,216.0,175.0
2021-01-26,19.0,GME,City AMâ€™s headline is a beaut.,96.0,277.0,122.0,128.0,202.0,165.0
2021-01-20,22.0,GME,SHITRON JUST REMEMEBERED THAT THE INAUGURATION IS TAKING PLACE!,91.0,260.0,131.0,134.0,205.0,143.0
2021-01-27,32.0,GME,We are tired of Market Manipulators and corrupted media. This is time to act,79.0,303.0,116.0,138.0,180.0,180.0
2021-01-26,22.0,GME,This is personal. For all of us.,76.0,275.0,143.0,134.0,169.0,191.0
2021-01-19,25.0,GME,Shitron Attacking begins.,108.0,270.0,110.0,161.0,175.0,152.0
2021-01-28,26.0,GME,"Thank you, Dr. Burry",67.0,222.0,107.0,107.0,139.0,150.0
2020-12-30,4.0,GME,For everyone asking for more information on what trading options is like,57.0,191.0,104.0,75.0,160.0,117.0
2021-01-06,5.0,GME,When the markets hit an all-time high and you don't want anyone to notice that you're not doing well,77.0,253.0,117.0,88.0,181.0,178.0
2021-01-15,15.0,GME,GME Comrades! Prepare to receive your mission!,71.0,229.0,169.0,101.0,173.0,195.0
2021-01-27,7.0,GME,No Shame - All in $GME. -If this baby finishes above a grand by the end of Feb - I will personally fly down to NY and lick the ball of the Wall Street bull. You have my promise. I fucking love you guys,40.0,221.0,113.0,57.0,188.0,129.0
2021-01-20,10.0,GME,This is the king of energy we need.,76.0,243.0,126.0,92.0,196.0,157.0
2021-01-27,6.0,GME,Last post got removed. Yesterday I posted a $2.5MM LOSS on GME but ðŸ’ŽðŸ™Œed. Today Iâ€™m posting a $7.8MM GAIN. Still holding.,44.0,242.0,143.0,81.0,184.0,164.0
2021-01-27,1.0,GME,The GME Afterhours Thread: Part 4.20 on 27 January,98.0,261.0,142.0,183.0,119.0,199.0
2021-01-27,23.0,GME,UPDATED JAN 27TH SHORT INTEREST DATA POSTED BY S3 PARTNERS THIS MORNING,96.0,268.0,132.0,142.0,204.0,150.0
2021-01-26,16.0,GME,Melvin is down another 25% on $GME,93.0,285.0,120.0,159.0,210.0,129.0
2021-01-27,23.0,GME,People will try to gaslight you into believing that playing $GME is wrong or something to be ashamed of. But keep the following in mind...,72.0,256.0,141.0,120.0,141.0,208.0
2021-01-28,18.0,GME,I SAY WHEN WE SELL!,64.0,254.0,127.0,104.0,201.0,140.0
2021-01-23,21.0,GME,"Boomer Old Money has bled and will get dirty going forward. Donâ€™t be an idiot, Donâ€™t poke the beehive with tweets, phone call harassment or callouts. Keep our head down and nose to the grindstone.",83.0,298.0,113.0,173.0,141.0,180.0
2021-01-08,5.0,GME,A true Autist. $TSLA,90.0,246.0,158.0,129.0,158.0,207.0
2021-01-27,6.0,GME,Fuck these fools FIRE IT UP!!,27.0,79.0,129.0,32.0,125.0,78.0
2021-01-23,10.0,GME,This week literally changed my life,66.0,246.0,181.0,88.0,170.0,235.0
2021-01-05,1.0,GME,Trading exclusively in virtual reality now because I live in a cardboard box.,39.0,209.0,120.0,58.0,175.0,135.0
2021-01-26,15.0,GME,Raise your diamond hands!!,54.0,273.0,137.0,85.0,247.0,132.0
2021-01-07,2.0,GME,They found Jack Ma... BABA ðŸš€ðŸš€ðŸš€,67.0,269.0,119.0,78.0,247.0,130.0
2021-01-26,24.0,GME,An open letter to CNBC,88.0,284.0,122.0,143.0,168.0,183.0
2021-01-18,23.0,GME,The Big F*cking Short Squeeze - Out 19th January ðŸš€ðŸ’ŽðŸ¤²ðŸš€,71.0,269.0,148.0,123.0,200.0,165.0
2021-01-17,10.0,GME,WSB is hands down the best internet community ever.,118.0,267.0,93.0,129.0,222.0,127.0
2020-12-31,11.0,GME,You guys need to stop wasting money on useless Reddit awards and buy GME shares,57.0,252.0,186.0,113.0,228.0,154.0
2021-01-27,3.0,GME,WE JUST NEED TO HOLD AND WE WILL FEEL LIKE ELON THAT DAY! LEEEETS GOOOO! ðŸš€ðŸš€ðŸš€ Btw love u guys very much!!,19.0,125.0,80.0,28.0,127.0,69.0
2021-01-02,2.0,GME,It literally can't go tits up,79.0,261.0,127.0,103.0,234.0,130.0
2021-01-26,16.0,GME,This could be huge,61.0,303.0,117.0,107.0,221.0,153.0
2021-01-27,3.0,GME,GME: Gamestonk Thread,110.0,267.0,115.0,144.0,176.0,172.0
2021-01-26,24.0,GME,Everyone tomorrow when the market opens. AKA GME.,68.0,290.0,140.0,121.0,208.0,169.0
2021-01-26,4.0,GME,Fox Business,75.0,245.0,139.0,104.0,208.0,147.0
2021-01-27,7.0,GME,"Just put $200,000 in GME shares ðŸš€",36.0,241.0,109.0,62.0,212.0,112.0
2020-12-31,3.0,GME,I'm the guy that went from 2k to 100k in a month. Ended 2020 with a bang. Intraday ATH of 230k. Lost most with PLTR 12/31 30c. Chased the rest to 0 with random weeklies. Roast the fuck out of me.,83.0,286.0,120.0,111.0,205.0,173.0
2021-01-26,16.0,GME,WSB community holding onto $GME til $1000 against an army of hedge fund managers,77.0,236.0,121.0,105.0,193.0,136.0
2021-01-25,5.0,GME,"GME Thoughts, YOLOs, Gains, Stonk Updates, ðŸš€ðŸš€ðŸš€: they all go here. Jan 25 edition.",98.0,264.0,123.0,118.0,199.0,168.0
2021-01-14,19.0,GME,GME YOLO update â€” Jan 14 2021,65.0,265.0,162.0,108.0,216.0,168.0
2021-01-27,26.0,GME,"If $GME reaches $2,000 per share, our king u/DeepFuckingValue will be worth more than GME's market cap ($260M) when he first bought in (July 2020)",74.0,271.0,151.0,107.0,213.0,176.0
2020-12-30,11.0,GME,Let's prove this mf wrong,88.0,255.0,133.0,115.0,199.0,162.0
2021-01-26,27.0,GME,WSB Has Singlehandedly Restructured Risk Management Models,96.0,261.0,136.0,132.0,184.0,177.0
2021-01-24,42.0,GME,The GME Journey Doesn't End Here,62.0,272.0,158.0,105.0,211.0,176.0
2021-01-04,2.0,GME,"'Palantir technologies, yes. 5000 shares.'",65.0,290.0,118.0,90.0,215.0,168.0
2021-01-09,1.0,GME,TSLA 1103% gain. Never selling,79.0,238.0,164.0,116.0,162.0,203.0
2021-01-27,24.0,GME,Citadel realizes how smooth brained Melvin Capital really is,77.0,242.0,124.0,98.0,151.0,194.0
2021-01-27,6.0,GME,"What Are Your Moves Tomorrow, January 28, 2021",105.0,283.0,110.0,139.0,187.0,172.0
2021-01-04,1.0,GME,NOTHING IS BEYOND REACH OF OUR AUTISM,29.0,177.0,109.0,40.0,174.0,101.0
2021-01-28,14.0,GME,20 years from now...,55.0,221.0,108.0,81.0,162.0,141.0
2021-01-01,2.0,GME,HAPPY NEW YEAR WSB ðŸš€ðŸš€ðŸš€ðŸš€,81.0,273.0,128.0,93.0,217.0,172.0
2021-01-27,27.0,GME,THEY ARE SHUTTING US OUT,127.0,224.0,96.0,145.0,153.0,149.0
2021-01-25,20.0,GME,PSA: Always understate your gains to friends and family,60.0,244.0,189.0,92.0,155.0,246.0
2021-01-28,13.0,GME,"If we all come up with a dollar or two, we could get the best securities lawyers on retainer for a class action if the SEC pulls shenanigans",67.0,211.0,151.0,103.0,155.0,171.0
2021-01-26,24.0,GME,Founder of Reddit tells Chamath Palihapitiya to buy $GME ðŸš€ðŸš€ðŸš€,87.0,271.0,139.0,114.0,222.0,161.0
2021-01-21,23.0,GME,Ode to GME. Holding my 14.56 shares.,61.0,264.0,166.0,97.0,222.0,172.0
2021-01-25,22.0,GME,WHO'S READY FOR MONDAY ðŸš€ðŸš€ðŸš€,56.0,283.0,145.0,112.0,211.0,161.0
2021-01-13,9.0,GME,"THX TO WSB AND GME I CAN FINALLY GIVE BACK TO MY 70 YEARS OLD DAD, I WILL BE HELPING TO PAY FOR HIS NEW ROOF, HE WAS SO SCARED OF NOT BEING ABLE TO PAY. I LOVE YOU WSB. REALLY! WE ARE GOING TO THE MOON ðŸš€ðŸš€ðŸš€ðŸš€",62.0,234.0,170.0,112.0,190.0,164.0
2021-01-27,55.0,GME,There is a coordinated bot attack happening on WSB/new right now,88.0,239.0,109.0,115.0,148.0,173.0
2021-01-26,6.0,GME,"The GME Thread Part 3 for January 26, 2020",83.0,295.0,123.0,175.0,129.0,197.0
2021-01-25,17.0,GME,Last post got removed. If I can hold so can you. ðŸ’ŽðŸ™Œ,80.0,265.0,151.0,114.0,201.0,181.0
2021-01-25,15.0,GME,One of us on CNBC. QuirkyMushroom you famous bro.,104.0,249.0,114.0,155.0,170.0,142.0
2021-01-27,5.0,GME,WE LIKE THE STOCK,29.0,106.0,93.0,46.0,108.0,74.0
2021-01-26,24.0,GME,GME DRIPPING,37.0,153.0,75.0,65.0,126.0,74.0
2021-01-22,4.0,GME,GMREEEEEEEEEEEE Containment Thread - GME shitposts go here,100.0,261.0,133.0,150.0,187.0,157.0
2021-01-27,1.0,GME,"""2.3 million people as important or more important than Hedge fund"" CHAMATH IS WITH WSB.",40.0,101.0,64.0,44.0,86.0,75.0
2021-01-24,24.0,GME,Joining WSB for the first time,46.0,245.0,148.0,55.0,222.0,162.0
2021-01-26,2.0,GME,"The GME Thread Part 1 for January 26, 2021",82.0,281.0,132.0,136.0,200.0,159.0
2021-01-27,3.0,GME,"The GME Thread, Part 2.1, for January 27, 2021",98.0,277.0,119.0,155.0,148.0,191.0
2021-01-17,35.0,GME,(GME DD) One DD to rule them. One DD to find them. One DD to to bring them all and in the darkness bind them.,56.0,238.0,204.0,114.0,166.0,218.0
2021-01-27,4.0,GME,"Mod Appreciation Post. A highly stressful, non paying job.",22.0,119.0,102.0,39.0,80.0,124.0
2021-01-26,1.0,GME,"The GME Thread Part 2 for January 26, 2021",82.0,284.0,131.0,134.0,195.0,168.0
2021-01-14,22.0,GME,"GME shorts get crushed as explained by Cramer ... big WSB shout out, the first of two in the show tonight",77.0,291.0,124.0,115.0,209.0,168.0
2021-01-20,10.0,GME,An alarm clock app that Yoloâ€™s money into stocks every time you hit snooze,72.0,241.0,136.0,78.0,222.0,149.0
2021-01-28,19.0,GME,Tonight showed how much the average retail investor can do,78.0,254.0,163.0,110.0,226.0,159.0
2021-01-27,18.0,GME,"WARNING: brokers coordinated attack is going on, they close off pretending technical difficulty to manipulate the market and help their hedge fund friends! Donâ€™t fall for it, hold your position! To the moon! ðŸš€",104.0,213.0,89.0,131.0,149.0,126.0
2021-01-01,2.0,GME,I love my Dad. This is where he put his X-Mas Gift.,29.0,144.0,77.0,32.0,149.0,69.0
2021-01-21,19.0,GME,Citron video summarized,78.0,228.0,122.0,107.0,160.0,161.0
2021-01-26,6.0,GME,DeepfuckingValue teaching the young autists,25.0,98.0,54.0,43.0,76.0,58.0
2021-01-25,27.0,GME,Today was a coordinated attack by institutions against the longs. Here's how it played out.,85.0,276.0,136.0,126.0,183.0,188.0
2021-01-24,24.0,GME,Ryan Cohen discovers WSB,61.0,234.0,145.0,105.0,172.0,163.0
2021-01-26,18.0,GME,"I'm in tears, already life changing money is turning into destiny changing money! 10k->750k GME STILL HOLDING ðŸ’Ž ðŸ™Œ ðŸš€",45.0,235.0,177.0,89.0,162.0,206.0
2021-01-10,7.0,GME,What half of the DDs posts sound like to me,50.0,232.0,101.0,60.0,199.0,124.0
2021-01-26,22.0,GME,GME - Listen to this german guy: The most important thing until Friday.,87.0,263.0,145.0,136.0,190.0,169.0
2021-01-27,21.0,GME,"It took 9 years for wsb to reach 2 million degens, 500k joined in the last 3 days",73.0,265.0,119.0,104.0,198.0,155.0
2021-01-25,29.0,GME,$BB At The $GME Refuelling station ðŸš€ðŸš€ðŸš€,59.0,271.0,158.0,107.0,252.0,129.0
2021-01-19,2.0,GME,GME Thread: The Wreckoning,69.0,294.0,132.0,150.0,154.0,191.0
2021-01-22,2.0,GME,Welcome to Reddit r/Wallstreetbets : The best place on the internet to get tips on traditional Mongolian Basket Weaving.,21.0,147.0,70.0,34.0,130.0,74.0
2021-01-21,17.0,GME,Hahahaha,111.0,254.0,109.0,130.0,175.0,169.0
2021-01-25,9.0,GME,Some GME gain porn (not fucking selling),78.0,244.0,145.0,120.0,221.0,126.0
2021-01-24,29.0,GME,Goldman Sachs alludes to GME & WSB,103.0,296.0,97.0,184.0,155.0,157.0
2021-01-18,4.0,GME,I am financially ruined (agricultural futures),78.0,291.0,123.0,103.0,187.0,202.0
2021-01-02,29.0,GME,Seems like a solid bull flag,87.0,254.0,127.0,118.0,177.0,173.0
2021-01-14,15.0,GME,"Don't lie, we've all done it",57.0,159.0,83.0,54.0,128.0,117.0
2021-01-27,21.0,GME,This is the WORST stock manipulation I've ever seen. They are jamming brokers and traders accounts all over the world. MASSIVE MANIPULATION,73.0,215.0,81.0,109.0,138.0,122.0
2021-01-27,5.0,GME,"The GME Thread for January 27, 2020",101.0,272.0,114.0,181.0,170.0,136.0
2021-01-26,3.0,GME,gme don't stop,21.0,134.0,98.0,47.0,134.0,72.0
2021-01-26,24.0,GME,"Elder millennial here. If you're booking a high-6 or 7 or 8 digit gain soon, do me these two favors so I can rest easy knowing your tendies will be safe.",52.0,257.0,161.0,81.0,160.0,229.0
2021-01-06,3.0,GME,$PLTR gang trying to learn diversification (we are going places),29.0,171.0,87.0,39.0,151.0,97.0
2021-01-25,6.0,GME,A few of the memes of past & present would like to formally congratulate GME gang,40.0,141.0,89.0,57.0,108.0,105.0
2021-01-23,31.0,GME,How Friday's GME gamma squeeze may trigger a short squeeze on Monday and Tuesday,64.0,261.0,172.0,124.0,186.0,187.0
2021-01-28,24.0,GME,"An Open Letter to Melvin Capital, CNBC, Boomers, and WSB",99.0,288.0,111.0,156.0,132.0,210.0
2021-01-25,22.0,GME,Cramer goes off on Analyst and sides with us on GME :),60.0,198.0,239.0,113.0,250.0,134.0
2021-01-25,18.0,GME,Barrons thinks we are done. Just getting some fuel and picking up your wife.,52.0,182.0,98.0,75.0,127.0,130.0
2021-01-21,6.0,GME,Inverse guh,71.0,250.0,137.0,108.0,182.0,168.0
2021-01-28,25.0,GME,"We look now, across the vast ocean between us, to our European and Asian fellows in this war. It is up to you now, to help us enter this next day with fire in our hearts and our sell buttons disabled. To the next galaxy, comrades ðŸš€ðŸš€ðŸš€ðŸš€ðŸš€ðŸš€ðŸš€ðŸš€",61.0,288.0,145.0,92.0,247.0,155.0
2021-01-08,2.0,GME,It's beginning to be hard to argue we aren't in a bubble,85.0,270.0,139.0,117.0,154.0,223.0
2021-01-24,47.0,GME,DeepFuckingValue Perspective from July 2020 (-60k) to today,58.0,265.0,160.0,102.0,173.0,208.0
2021-01-22,22.0,GME,"You retards cost me $16,000 today on GME. I bet against WSB and learned that Iâ€™m the retarded one for underestimating the power of a bunch of degenerates.",99.0,236.0,121.0,129.0,193.0,134.0
2021-01-03,1.0,GME,The story of my life,39.0,154.0,79.0,61.0,132.0,79.0
2021-01-14,21.0,GME,$GME /r/wallstreetbets vs Melvin Capital,74.0,241.0,141.0,96.0,218.0,142.0
2021-01-26,4.0,GME,How it feels before market opens ðŸš€,32.0,122.0,47.0,38.0,111.0,52.0
2021-01-13,18.0,GME,I had to let them know who is in charge now,29.0,125.0,58.0,50.0,98.0,64.0
2021-01-26,31.0,GME,"You guys convinced me, sold all my BB and re-YOLOing GME #thankschamanth",54.0,247.0,151.0,91.0,201.0,160.0
2021-01-26,15.0,GME,It's official: Stop freaking out about the media asking to have WSB investigated or possible SEC action,72.0,255.0,130.0,134.0,175.0,148.0
2021-01-02,1.0,GME,I never thought I would hate the week-end!,40.0,123.0,52.0,50.0,109.0,56.0
2021-01-19,5.0,GME,crud I typed it in wrong and ended up with GM instead of GME ðŸ¤¦â€â™‚ï¸,71.0,218.0,108.0,99.0,180.0,118.0
2021-01-26,13.0,GME,The ALIENS are going to shake our (diamond) hands! ðŸš€ðŸš€ðŸš€ðŸš€ðŸ‘½ðŸ‘½ðŸ’Ž,17.0,110.0,53.0,24.0,102.0,54.0
2021-01-25,41.0,GME,GME - WATCH OUT,90.0,282.0,117.0,134.0,203.0,152.0
2021-01-25,13.0,GME,$BB â€˜not awareâ€™ as to why they are flying to Pluto ðŸš€,49.0,228.0,156.0,75.0,218.0,140.0
2021-01-26,31.0,GME,Fuck the hedge funds. Theyâ€™ll try to do anything to get WSB regulated or banned.,42.0,117.0,195.0,61.0,144.0,149.0
2021-01-25,15.0,GME,"Thank God someone influential is genuinely on our side, btw do you know guys that his cat name is $BB ðŸš€ðŸš€ðŸš€ðŸš€",77.0,242.0,135.0,117.0,148.0,189.0
2021-01-22,26.0,GME,Future of WSB,77.0,271.0,128.0,138.0,154.0,184.0
2021-01-27,8.0,GME,[GME] i have left humanity behind,34.0,94.0,52.0,60.0,60.0,60.0
2021-01-17,2.0,GME,The only DD I trust here,29.0,170.0,64.0,35.0,167.0,61.0
2021-01-28,23.0,GME,The highest conviction trade of all time,60.0,221.0,117.0,93.0,168.0,137.0
2021-01-26,36.0,GME,5 Ways You Know The Squeeze is Happening (And Why You Should Hold),70.0,250.0,164.0,111.0,194.0,179.0
2021-01-14,3.0,GME,GME Rebound In A Nutshell,32.0,146.0,57.0,50.0,135.0,50.0
2021-01-22,30.0,GME,GME!!! ðŸš€ðŸŒ•ðŸ’ŽðŸ™ŒðŸ» Portfolio up 69.69%!!!,43.0,234.0,175.0,85.0,187.0,180.0
2021-01-21,1.0,GME,GME Megathread - Lemon Party 2: Electric Boogaloo,76.0,270.0,142.0,150.0,178.0,160.0
2021-01-26,5.0,GME,Retard strength - GME was the most traded stock in the world today,44.0,124.0,59.0,61.0,90.0,76.0
2021-01-20,12.0,GME,People on Robinhood who own GME are most likely to also own BB and PLTR in their portfolio. ðŸ˜‚ ðŸš€ðŸš€ðŸš€,62.0,287.0,102.0,58.0,269.0,124.0
2021-01-25,21.0,GME,See that dip before the MOASS on VW? This is now. Keep holding no paper hands,85.0,247.0,152.0,120.0,173.0,191.0
2021-01-22,24.0,GME,I'm sorry to who sold me these at $.0577 today,69.0,281.0,131.0,142.0,178.0,161.0
2021-01-13,10.0,GME,Sharing the GME wealth. Donated $2000 to local food bank.,27.0,103.0,114.0,43.0,95.0,106.0
2021-01-13,43.0,GME,GME is a defining moment of wsb history,58.0,280.0,152.0,115.0,188.0,187.0
2021-01-26,16.0,GME,"Argument with my economics teacher over GME today, ended quite amazing.",71.0,258.0,116.0,106.0,188.0,151.0
2021-01-28,29.0,GME,Explanation for noobs who don't quite understand what's going on...,81.0,277.0,140.0,130.0,179.0,189.0
2021-01-04,1.0,GME,Itâ€™s not a bubble itâ€™s a lifestyle,11.0,62.0,37.0,17.0,63.0,30.0
2020-12-31,1.0,GME,When your account is down 75% earlier this week...,47.0,140.0,59.0,70.0,108.0,68.0
2021-01-27,6.0,GME,100 WSB FUND MANAGERS WANTED,65.0,263.0,118.0,93.0,209.0,144.0
2021-01-21,15.0,GME,An Identity will kill us,100.0,256.0,111.0,141.0,161.0,165.0
2021-01-22,44.0,GME,A hedge fund managers perspective on GME,57.0,276.0,161.0,94.0,190.0,210.0
2021-01-26,12.0,GME,Best halt I have ever fucking seen. LMFAO,73.0,252.0,148.0,102.0,209.0,162.0
2021-01-26,13.0,GME,$BB Bulls After Yesterday ðŸš€ðŸš€ðŸš€,46.0,286.0,137.0,102.0,233.0,134.0
2021-01-25,29.0,GME,"You autists did it: The First Casualty Of The Big Short Squeeze: Melvin Capital Gets $2.75BN Bailout From Citadel, Point72 After Its Shorts Explode",88.0,283.0,125.0,153.0,167.0,176.0
2021-01-16,10.0,GME,/u/DeepFuckingValue vs. Melvin Capital: The siege of Tendie Island,33.0,154.0,100.0,50.0,123.0,114.0
2021-01-27,9.0,GME,"Sen. Warren give zero fucks about the hedge fund managers ""For years, the same hedge funds, private equity firms, and wealthy investors dismayed by the GameStop trades have treated the stock market like their own personal casino while everyone else pays the price,"" the Massachusetts Democrat said.",44.0,171.0,104.0,65.0,134.0,120.0
2021-01-26,21.0,GME,GME short: I am throwing in the towel. You guys win! F/u and congratulations.,76.0,242.0,137.0,102.0,226.0,127.0
2021-01-23,47.0,GME,Don't go full retard. Think about what you comment and post on this sub.,105.0,264.0,122.0,155.0,142.0,194.0
2021-01-22,10.0,GME,"GME winners - remember to give back, I'll start",30.0,225.0,216.0,90.0,141.0,240.0
2021-01-21,9.0,GME,Citron's Downfall,34.0,136.0,90.0,52.0,92.0,116.0
2021-01-28,8.0,GME,Chamath Palihapitiya for President,59.0,180.0,87.0,78.0,144.0,104.0
2021-01-02,1.0,GME,You all know the paradigm ðŸ“ˆðŸ“ˆ,58.0,218.0,75.0,78.0,169.0,104.0
2021-01-26,7.0,GME,"To the haters that told me to sell, I only have one thing to say... CANT STOP. WONT STOP. GAMESTOP ðŸš€ðŸš€ðŸš€ðŸš€",51.0,136.0,92.0,82.0,119.0,78.0
2021-01-26,24.0,GME,"Oh u/J1187064, you sweet summer child.",44.0,170.0,94.0,74.0,106.0,128.0
2021-01-26,14.0,GME,"JIM CRAMER: ""If you are going to short 148% of stock YOU ARE A MORON"".",80.0,236.0,136.0,107.0,187.0,158.0
2021-01-26,11.0,GME,Iâ€™m so happy for our lord and savior,39.0,145.0,69.0,49.0,105.0,99.0
2021-01-19,20.0,GME,In for the MOASS,52.0,144.0,79.0,67.0,91.0,117.0
2021-01-26,4.0,GME,"What Are Your Moves Tomorrow, January 27, 2021",78.0,285.0,134.0,133.0,215.0,149.0
2021-01-26,16.0,GME,4.2 BILLION lost on shorts and theyâ€™re doubling down?? He called this the first line of troops going down in a rain of musket fire only to be replaced by another line. More shorts = MORE ðŸš€ ðŸš€ ðŸš€ ðŸš€ ðŸŒ,120.0,253.0,117.0,160.0,159.0,171.0
2020-12-30,3.0,GME,The average WSB user after blowing up their account,27.0,77.0,30.0,18.0,70.0,46.0
2021-01-24,8.0,GME,High quality Yahoo Finance article on GME quoting a shitposting Twitter account,95.0,247.0,118.0,106.0,191.0,163.0
2021-01-26,18.0,GME,See yâ€™all on the ðŸŒ ðŸš€ðŸ’Žâœ‹ðŸ¥œ,44.0,198.0,94.0,67.0,173.0,96.0
2021-01-17,15.0,GME,When boomers are proud of their 2020 gains,47.0,183.0,84.0,75.0,139.0,100.0
2021-01-26,32.0,GME,Im from the 5G industry. STOP LETTING BOTS CONVINCE YOU NOK IS GONNA MOON,75.0,241.0,143.0,109.0,188.0,162.0
2021-01-27,17.0,GME,BB workin its way to the moon ðŸš€ðŸš€ðŸš€,47.0,289.0,160.0,102.0,261.0,133.0
2020-12-31,1.0,GME,Pictured: PLTR bulls at a house party,27.0,128.0,80.0,43.0,108.0,84.0
2021-01-12,2.0,GME,TSLA vs NIO vs FSR vs LI vs NKLA vs XPEV: A WallStreetBets Movie,41.0,236.0,113.0,53.0,191.0,146.0
2021-01-24,42.0,GME,I'm the guy who took out a 10k GME loan last week!,62.0,269.0,156.0,123.0,132.0,232.0
2021-01-19,16.0,GME,The Absolute State of GME bulls from WSB right now.,51.0,207.0,60.0,47.0,205.0,66.0
2021-01-26,5.0,GME,Wallstreetbets made it on international news,44.0,135.0,59.0,66.0,101.0,71.0
2021-01-20,3.0,GME,GME Announcement,24.0,102.0,45.0,28.0,86.0,57.0
2021-01-25,13.0,GME,Told my dad Iâ€™m going to use my miserable life saving to make money and be somewhat financially independent. He said â€œthereâ€™s always be home if something goes wrong but do it son try it make me proudâ€ well I called him this morning and told him the retards and Reddit made me somewhat richer,34.0,153.0,101.0,60.0,126.0,102.0
2021-01-27,20.0,GME,"Are your Boomer parents as baffled by your $GME gains as mine are? Feel free to use my G-rated, very basic explanation of what the fuck is going on!",60.0,230.0,160.0,96.0,160.0,194.0
2021-01-22,17.0,GME,*CITRON SAYS NO LONGER COMMENTING ON GAMESTOPðŸš€ðŸš€ðŸš€ðŸš€ðŸš€,117.0,265.0,96.0,137.0,176.0,165.0
2021-01-28,26.0,GME,I'm Sick of Hearing Wall Street Act Like We Can't Handle Risk,85.0,257.0,109.0,147.0,139.0,165.0
2021-01-01,2.0,GME,Current state of the Palantir FOMO,30.0,122.0,83.0,47.0,92.0,96.0
2021-01-22,11.0,GME,Holy shit i just turned 18 and put all my money into GME. I will continue to holdðŸš€ðŸš€ðŸš€ðŸš€,47.0,268.0,159.0,110.0,176.0,188.0
2021-01-27,1.0,GME,Got a free random stock when I signed up for Robinhood in March. The stock? Gamestop at $3.94. Thank you!!,4.0,55.0,42.0,10.0,53.0,38.0
2021-01-27,3.0,GME,FUCK THESE INBRED DIPSHITS. THE OLD GUARD IS HORRIFIED. BACKS UP AGAINST THE WALL. PAINTED INTO A CORNER. ITS ALL BECAUSE OF YOU YOU LOVELY DIAMOND HANDED BEAUTIES. HOLD THE LINE. $GME,36.0,94.0,36.0,62.0,54.0,50.0
2021-01-03,1.0,GME,Anyone else a greedy piece of shit?,24.0,63.0,32.0,34.0,48.0,37.0
2021-01-27,5.0,GME,We Europoors do our part! GME ðŸš€ðŸš€ðŸš€,49.0,209.0,101.0,59.0,206.0,94.0
2021-01-27,10.0,GME,"Aight, I'm in. Better late than never",38.0,181.0,84.0,61.0,152.0,90.0
2021-01-27,5.0,GME,"Thank you all, my wife was diagnosed with MS recently and my bank account had -$1,400 in it.",22.0,90.0,80.0,43.0,62.0,87.0
2021-01-26,7.0,GME,Me waking up early to buy more $GME (Not stopping memeing $GME until I get featured on CNBC),13.0,98.0,38.0,20.0,82.0,47.0
2021-01-26,15.0,GME,Chamath Palihapitiya tips his hat to r/wsb,44.0,231.0,113.0,91.0,157.0,140.0
2021-01-25,2.0,GME,A bear's guide to Maruchan Ramen Flavors.,62.0,155.0,88.0,93.0,110.0,102.0
2021-01-21,2.0,GME,[OC] andrew left and $GME but its only him breathing,60.0,185.0,81.0,76.0,146.0,104.0
2021-01-17,1.0,GME,Meet the Autist - An introduction to WSB,15.0,72.0,34.0,23.0,59.0,39.0
2021-01-15,4.0,GME,CAN'T STOP WON'T STOP GAMESTOP ðŸš€ðŸš€ðŸš€ðŸš€ðŸš€ðŸš€ðŸš€ðŸš€ðŸš€ðŸš€ðŸš€ðŸš€ðŸš€ðŸš€,45.0,155.0,80.0,62.0,129.0,89.0
2021-01-22,10.0,GME,"Citron is starting to look a lot less like a ""research company"" and a lot more like just some guy tweeting from his apartment.",55.0,165.0,79.0,75.0,116.0,108.0
2021-01-21,32.0,GME,"GME ""short sellers were down $812 million in mark-to-market losses on Wednesday alone, according to Ihor Dusaniwsky of S3 Partners, which tracks short selling."" ðŸš€ðŸš€ðŸš€",65.0,265.0,138.0,117.0,168.0,183.0
2021-01-18,6.0,GME,$BB When The Market Opens,46.0,247.0,147.0,68.0,227.0,145.0
2021-01-21,6.0,GME,GameStop = The Big Gain?,6.0,61.0,36.0,19.0,48.0,36.0
2021-01-27,30.0,GME,LETS FILE A LAWSUIT!!! LAWYERS NEEDED!!!,49.0,162.0,66.0,55.0,147.0,75.0
2021-01-14,16.0,GME,$GME $PLTR $BB - You cannot stop us..,57.0,268.0,139.0,95.0,236.0,133.0
2021-01-13,12.0,GME,GME Gang to the haters ðŸ˜‚ðŸ˜‚ðŸ˜‚ðŸ˜‚ðŸ˜‚ðŸ˜‚ ðŸ–•ðŸ–•ðŸ–•ðŸ–•ðŸ–•ðŸŒˆðŸ»ðŸš€ðŸš€ðŸš€ðŸš€ðŸš€ðŸš€ðŸ’ŽðŸ™Œ,47.0,173.0,71.0,72.0,122.0,97.0
2021-01-15,15.0,GME,u/deepfuckingvalue single handedly owns .2% of gamestop,33.0,210.0,92.0,52.0,158.0,125.0
2021-01-20,12.0,GME,$GME ðŸš€ Ready to load up on more shares.,89.0,262.0,108.0,125.0,206.0,128.0
2021-01-25,2.0,GME,Tendie-licious,17.0,101.0,42.0,32.0,93.0,35.0
2021-01-26,24.0,GME,We got this yâ€™all. HOLD!!! ðŸ’ŽðŸ’ŽðŸ’Ž,78.0,237.0,124.0,89.0,208.0,142.0
2021-01-27,1.0,GME,Chamath Palihapitiya shits on hedge funds on CNBC,23.0,50.0,20.0,22.0,36.0,35.0
2021-01-04,5.0,GME,Theyâ€™re looking at you,51.0,133.0,64.0,57.0,104.0,87.0
2021-01-28,7.0,GME,"""We got 'em on the ropes!""",31.0,110.0,54.0,34.0,112.0,49.0
2021-01-05,1.0,GME,Coming to WSB for advice,15.0,90.0,42.0,21.0,83.0,43.0
2021-01-23,5.0,GME,2 MILLION DEGENERATES ðŸš€,46.0,173.0,92.0,73.0,131.0,107.0
2021-01-25,17.0,GME,"AMC, GME, BB, PLTR. Started with 3k in December. Oops?",48.0,247.0,106.0,74.0,190.0,137.0
2021-01-25,7.0,GME,BlackBerry DD,46.0,247.0,206.0,58.0,185.0,256.0
2021-01-24,20.0,GME,Options: A beginners guide (with greeks),60.0,214.0,176.0,86.0,156.0,208.0
2021-01-14,18.0,GME,Look Ma we made it to WSJ,69.0,202.0,106.0,102.0,166.0,109.0
2021-01-22,16.0,GME,"""Itâ€™s hard to see PLTR stock surging to $30 per share"" -Investorplace.com, hours before it hits $30.",70.0,267.0,132.0,113.0,194.0,162.0
2021-01-28,5.0,GME,The biggest risk we face (and why it's nothing to worry about for now),73.0,288.0,110.0,94.0,210.0,167.0
2021-01-26,21.0,GME,GME Short Interest went up not down on Monday...the squeeze has not been squozeðŸš€ðŸš€ðŸš€ðŸš€,57.0,234.0,163.0,97.0,192.0,165.0
2021-01-17,1.0,GME,WSB Survival Guide ðŸš€ (with sound),7.0,86.0,60.0,11.0,62.0,80.0
2021-01-20,17.0,GME,GME now the top stonk on Robinhood. We have done it my brothers. ðŸš€ðŸš€ðŸš€ðŸš€ðŸŒ•,33.0,170.0,99.0,48.0,138.0,116.0
2021-01-07,2.0,GME,WSB and SEC,15.0,101.0,36.0,36.0,56.0,60.0
2021-01-14,16.0,GME,ALL ABOARD THE RETARDED BB ROCKETSHIP!!!! ðŸš€ðŸš€ðŸš€ðŸš€ðŸš€ðŸš€ðŸš€ðŸš€ðŸš€ðŸš€,67.0,246.0,143.0,86.0,232.0,138.0
2021-01-28,22.0,GME,Iâ€™m so fucking proud of every single person in or connected to this sub.,55.0,263.0,170.0,91.0,175.0,222.0
2021-01-11,16.0,GME,GME YOLO update â€” Jan 11 2021,52.0,278.0,155.0,95.0,245.0,145.0
2020-12-30,14.0,GME,This should be fun,36.0,118.0,71.0,64.0,88.0,73.0
2021-01-12,8.0,GME,Me? I'm a swing trader.,21.0,106.0,53.0,32.0,85.0,63.0
2021-01-28,10.0,GME,"William Gavin on WSB ""the retailers are vulnerable""",77.0,193.0,70.0,102.0,137.0,101.0
2021-01-15,5.0,GME,ðŸš€ Calling On All Autists! Mobilize Your Buying Power! ðŸš€,27.0,143.0,61.0,39.0,138.0,54.0
2021-01-21,12.0,GME,Everyone is on GME now,47.0,224.0,115.0,68.0,209.0,109.0
2021-01-25,3.0,GME,PSA: Always overstate your gains to friends and family,14.0,67.0,39.0,18.0,67.0,35.0
2021-01-26,10.0,GME,BlackBerry Expands Partnership with Baidu to Power Next Generation Autonomous Driving Technology (ðŸš€ðŸš€ðŸš€),68.0,243.0,144.0,91.0,225.0,139.0
2021-01-26,28.0,GME,GME short interest remains at 139% (Bloomberg) - the short squeeze has not even started,74.0,251.0,167.0,121.0,209.0,162.0
2021-01-27,2.0,GME,"CNBC JUST CALLED US A ""FORUM"" WHO USES CHEAT CODES! FUCK THEM! RIDE OR DIE!!",33.0,70.0,14.0,30.0,56.0,31.0
2021-01-19,19.0,GME,"Your daily reminder that ""Chillman"" is NOT One of Us",67.0,173.0,76.0,99.0,110.0,107.0
2021-01-25,4.0,GME,"Down $1.5 Million from today's peak, but I'M STILL HERE, AND I'M NOT SELLING",40.0,151.0,92.0,75.0,108.0,100.0
2021-01-25,10.0,GME,yes another GME meme,14.0,59.0,31.0,22.0,42.0,40.0
2021-01-26,17.0,GME,GME has just passed $200 after-market,80.0,277.0,131.0,108.0,201.0,179.0
2021-01-25,13.0,GME,Jim trying to harness our power to start moving more stocks he likes,90.0,186.0,72.0,100.0,144.0,104.0
2021-01-27,11.0,GME,"Fed Chair Powell just said he will not comment on GME as ""it is not my place"" to comment on single stocks. GET FUCKED SHORTERS",17.0,60.0,30.0,23.0,49.0,35.0
2021-01-26,7.0,GME,Decided to yolo all the money that I saved from working at McDonaldâ€™s for a whole year. Pray for me boysss. ðŸš€ðŸš€ðŸš€,48.0,184.0,112.0,69.0,169.0,106.0
2021-01-25,4.0,GME,"Someone just bought 79,000 contracts of GE 11.5 calls",59.0,242.0,149.0,104.0,203.0,143.0
2021-01-13,8.0,GME,WE SHOULD ALL BE THAKING u/deepfuckingvalue THE ONE TRUE KING OF WSB,41.0,155.0,117.0,63.0,132.0,118.0
2021-01-20,9.0,GME,$GME,31.0,113.0,74.0,38.0,86.0,94.0
2021-01-27,29.0,GME,DO NOT LISTEN TO THE BOTS. HOLD $GME AND BUY $BB. DO NOT LET THEM DIVIDE AND CONQUER. WE ARE GOING TO FUCKING MARS ðŸš€ðŸš€ðŸš€ðŸš€ðŸš€ðŸš€ðŸš€ðŸš€ðŸš€ðŸš€,45.0,184.0,76.0,76.0,144.0,85.0
2021-01-27,30.0,GME,You did NOT miss out on GME,68.0,142.0,112.0,92.0,120.0,110.0
2021-01-14,9.0,GME,u/DeepFuckingValue drawing conclusions on GME a year ago,17.0,86.0,56.0,29.0,80.0,50.0
2021-01-19,13.0,GME,"ADDED ANOTHER 4,000 GME SHARES ($156,000)",35.0,198.0,136.0,59.0,205.0,105.0
2021-01-27,10.0,GME,"Ladies and gentlemen the man behind @marketwatch is calling you all conspirators of a crime. Someone call pappa Elon, we gotta take a rocket to the moon before the SEC comes knocking.",116.0,241.0,109.0,185.0,155.0,126.0
2021-01-26,20.0,GME,Battle of the Billionaires,53.0,193.0,70.0,73.0,167.0,76.0
2021-01-24,5.0,GME,Cathie Wood launches ETF with only GME in it,40.0,125.0,61.0,48.0,123.0,55.0
2021-01-13,6.0,GME,$GME Shorts right now,64.0,249.0,132.0,108.0,198.0,139.0
2021-01-27,2.0,GME,"Daily Discussion Thread for January 27, 2021 - Part II",86.0,308.0,94.0,114.0,271.0,103.0
2021-01-26,13.0,GME,GME Short Squeeze: The Whales Have Arrived,71.0,276.0,142.0,93.0,225.0,171.0
2021-01-20,4.0,GME,ðŸš€ðŸš€ $BB ðŸ™ŒðŸ’Ž,36.0,127.0,82.0,44.0,116.0,85.0
2021-01-22,2.0,GME,Me buying my fist stonks of anything today,13.0,64.0,39.0,26.0,39.0,51.0
2021-01-07,1.0,GME,Tesla is undervalued,44.0,129.0,89.0,54.0,124.0,84.0
2021-01-20,20.0,GME,"Forgive me Papa Elon. I'll be back, but a higher purpose beckons. GME ðŸš€ðŸš€ðŸš€",30.0,117.0,102.0,43.0,114.0,92.0
2021-01-27,5.0,GME,Chamath and WSB,18.0,91.0,41.0,33.0,49.0,68.0
2021-01-25,8.0,GME,We are the captains now ðŸš€ðŸš€ðŸš€ðŸš€ðŸš€ðŸš€ðŸš€ðŸš€ðŸš€,51.0,122.0,67.0,55.0,112.0,73.0
2021-01-13,4.0,GME,WSB Single-Handedly Saves GME,7.0,41.0,23.0,22.0,32.0,17.0
2021-01-25,4.0,GME,Added another 200 shares at $100. Hold the fucking line autists ðŸš€ ðŸš€ ðŸš€ ðŸš€,64.0,248.0,133.0,108.0,209.0,128.0
2021-01-18,34.0,GME,"GME Gang - if you're up a lot, also consider a thank you to GameStop employees that are every much a part of this as you are.",49.0,210.0,169.0,84.0,156.0,188.0
2021-01-13,2.0,GME,Citi wants a war? Letâ€™s give them a war! PLTR ðŸš€ðŸš€ðŸš€,56.0,180.0,89.0,74.0,171.0,80.0
2021-01-18,8.0,GME,For you GME autists that claim to have ðŸ’ŽðŸ¤² that have been in this for a couple weeks or months...,43.0,157.0,103.0,65.0,142.0,96.0
2021-01-02,2.0,GME,Waiting for stock market to open during looooong weekend.,18.0,67.0,16.0,16.0,64.0,21.0
2021-01-07,2.0,GME,"I did it. I set a goal in September to claw my way out of this hole. Here it is, after two years I made $187.29 in the stock market. Thank you WSB.",51.0,134.0,102.0,65.0,110.0,112.0
2021-01-22,8.0,GME,Doing my part for my kid. Dumped his entire savings of 2500 into Gamestop at 37. He's now got almost 6k lol. He has no idea,31.0,154.0,98.0,48.0,123.0,112.0
2021-01-15,14.0,GME,"if u/deepfuckingvalue can hold for GME for a year you can hold for a day, just remember...",46.0,185.0,103.0,69.0,152.0,113.0
2021-01-27,27.0,GME,"The hedge funds are mad, and they will be fighting dirty.",85.0,271.0,116.0,122.0,196.0,154.0
2021-01-23,24.0,GME,Disgraceful & false media narrative about GME,81.0,274.0,125.0,134.0,167.0,179.0
2021-01-26,23.0,GME,$GME We can remain retards longer than they can remain solvent,73.0,264.0,113.0,111.0,193.0,146.0
2021-01-26,10.0,GME,Front page of the WSJ. Well done fellow degenerates.,32.0,129.0,40.0,51.0,87.0,63.0
2021-01-26,14.0,GME,Short sellers are down $91 billion in January due to US! Time is in our favour guys! ðŸš€,52.0,128.0,58.0,61.0,105.0,72.0
2021-01-21,1.0,GME,The hero we don't deserve ðŸš€,13.0,82.0,38.0,22.0,61.0,50.0
2021-01-26,12.0,GME,Theyâ€™re trying to regulate us amongst GME gains,106.0,231.0,112.0,155.0,170.0,124.0
2021-01-26,6.0,GME,A LOT OF PRESSURE FROM MY FAMILY TO SELL NEAR 100 BUT HELD STRONG,63.0,185.0,72.0,79.0,129.0,112.0
2021-01-25,7.0,GME,Have officially joined all the $BB retards,39.0,210.0,185.0,78.0,210.0,146.0
2021-01-27,12.0,GME,"Please only focus on GME and BB, thanks. This subreddit is being overrun by bots and managers who are shitting themselves.",23.0,104.0,77.0,36.0,99.0,69.0
2021-01-18,4.0,GME,$AMC ðŸš€ðŸš€ðŸš€ðŸš€ðŸš€,39.0,213.0,134.0,78.0,174.0,134.0
2021-01-05,18.0,GME,GME YOLO update â€” Jan 5 2021,48.0,274.0,156.0,89.0,254.0,135.0
2021-01-27,2.0,GME,"Iâ€™m freaked out and selling, hereâ€™s why",10.0,43.0,16.0,10.0,38.0,21.0
2021-01-20,2.0,GME,STILL HOLDING (GME),15.0,41.0,27.0,19.0,38.0,26.0
2021-01-16,4.0,GME,WSB is currently the 2nd most engaged subreddit! ðŸš€ðŸš€,58.0,196.0,96.0,83.0,159.0,108.0
2021-01-28,9.0,GME,"What Are Your Moves Tomorrow, January 28, 2021 Part II",100.0,285.0,114.0,140.0,193.0,166.0
2021-01-19,10.0,GME,â€œThis is a Wall Street Bets market and youâ€™re just living in itâ€ Someone got that right ðŸš€ ðŸš€ ðŸš€,49.0,163.0,64.0,60.0,132.0,84.0
2020-12-31,3.0,GME,My PLTR story,19.0,84.0,42.0,32.0,53.0,60.0
2021-01-27,6.0,GME,HOLD GME!!! DO NOT PUSSY OUT!!!! WE ARE GOING TO PLUT! ðŸš€ðŸš€ðŸš€ðŸš€ IGNORE ALL OTHER STOCKS,22.0,82.0,27.0,24.0,70.0,37.0
2021-01-16,25.0,GME,"GME - Option, Margin and Other Factors for Trading Next Week",59.0,249.0,182.0,94.0,148.0,248.0
2021-01-27,5.0,GME,Don't fucking sell your GME Shares!!!!!!!!!!!!!!!!!!!!!!!!!!!!!!!,11.0,41.0,19.0,13.0,38.0,20.0
2021-01-22,7.0,GME,GME is going to let me own a homeðŸš€ðŸš€ðŸš€ðŸš€ðŸš€ðŸš€ðŸš€ðŸš€,36.0,139.0,108.0,44.0,130.0,109.0
2021-01-05,35.0,GME,How I feel dumping $40k more into GME shares this morning... ðŸ’Žâœ‹ ðŸš€ðŸš€ðŸš€,53.0,181.0,100.0,80.0,134.0,120.0
2021-01-27,9.0,GME,The next stock is $GME yes you heard correct it is still going to go up in price so stop asking about which stock is next.,21.0,49.0,11.0,22.0,35.0,24.0
2021-01-21,9.0,GME,Well done guys! ðŸš€ðŸš€ðŸš€ðŸš€,59.0,182.0,76.0,82.0,141.0,94.0
2021-01-21,16.0,GME,"Final $GME position $548,993.95 YOLO - No margin, no leftover cash.",33.0,121.0,75.0,54.0,103.0,72.0
2021-01-18,3.0,GME,"Stuck at home waiting for COVID results, so I wrote a sea shanty in honor of $GME. Presenting: ""The Tendieman""",14.0,95.0,64.0,25.0,81.0,67.0
2021-01-11,2.0,GME,I have a discount trading bot which gives out daily (well hourly discounts for the stock market). Hereâ€™s what the bot stated under discounted companies...,32.0,158.0,177.0,52.0,110.0,205.0
2021-01-27,1.0,GME,The WSB Army Made Me Fix This. $GME ðŸš€ðŸš€ðŸš€ $500 ðŸš€ðŸš€ðŸš€,13.0,65.0,32.0,18.0,54.0,38.0
2021-01-26,2.0,GME,I did it. This is all my money. . . I hope I don't regret this ðŸ˜‚,36.0,159.0,92.0,63.0,137.0,87.0
2021-01-26,1.0,GME,I can't wait until a documentary is made about all of this,25.0,105.0,61.0,31.0,109.0,51.0
2021-01-20,3.0,GME,"Here's a visualization of the ""Tomorrow's Moves"" thread for today",35.0,180.0,121.0,61.0,138.0,137.0
2021-01-13,25.0,GME,Woke up a multi-millionaire thanks to CRSR. Nice (deja vu),70.0,247.0,147.0,89.0,212.0,163.0
2021-01-26,3.0,GME,New proud holder of $GME this morning,28.0,150.0,98.0,29.0,161.0,86.0
2021-01-27,3.0,GME,THE BIGGEST SHORT SQUEEZE IN THE WORLD $SLV Silver 25$ to 1000$.,55.0,297.0,148.0,85.0,246.0,169.0
2021-01-15,20.0,GME,"ðŸš€ðŸš€ðŸš€ ðŸŒ GME | Cant stop, Wont stop, Gamestop",30.0,152.0,71.0,55.0,116.0,82.0
2021-01-12,1.0,GME,WSJ FRONT PAGE: boys we made it lol,47.0,152.0,64.0,55.0,119.0,89.0
2021-01-27,2.0,GME,How many times have we seen these fake dips. Fuck Melvina and HOLD.,28.0,80.0,45.0,39.0,69.0,45.0
2021-01-18,23.0,GME,My broker emailed me asking to borrow shares. The example stock they used was GME.,59.0,272.0,159.0,116.0,192.0,182.0
2021-01-05,1.0,GME,Elon Musk only $11b off overtaking Bezos and becoming the richest man in the world. Papa Musk now worth twice as much as Papa Buffett,58.0,248.0,159.0,78.0,199.0,188.0
2021-01-27,1.0,GME,HOLD BOYS! HOOOOOOOLD!! NO ONE SELL! GME TO THE MOON AND BEYONDðŸŒšðŸš€ðŸš€ðŸš€ðŸš€ðŸš€ðŸš€ðŸš€ðŸš€ðŸš€ðŸš€ðŸš€ðŸš€ðŸš€ðŸš€ðŸš€ðŸš€ðŸš€ðŸš€ðŸš€,8.0,31.0,7.0,10.0,28.0,8.0
2021-01-21,6.0,GME,Sure...,47.0,127.0,45.0,55.0,111.0,53.0
2021-01-23,20.0,GME,$BB most secure system. Get your calls ready,77.0,250.0,146.0,100.0,209.0,164.0
2021-01-20,24.0,GME,A Venture Capital Perspective on GME,39.0,197.0,247.0,85.0,107.0,291.0
2021-01-14,7.0,GME,Borrowed 31K from my 401K and 10K from parents. Turned on margin and maxed it out on GME shares. Whoâ€™s retarded now?,64.0,289.0,122.0,120.0,188.0,167.0
2021-01-04,1.0,GME,Where in the World is Jack Ma?!,36.0,118.0,44.0,36.0,100.0,62.0
2021-01-27,8.0,GME,If GME hits 1000 I'll tattoo the wsb logo on both my tits,51.0,178.0,52.0,37.0,180.0,64.0
2021-01-16,10.0,GME,"GME going to the moon, melvin capital gets nutted on",20.0,96.0,65.0,32.0,72.0,77.0
2021-01-28,3.0,GME,WE LIKE THE MODS.,9.0,57.0,63.0,25.0,40.0,64.0
2021-01-23,32.0,GME,$400k deep into $BB... letâ€™s go ðŸ˜¤,54.0,250.0,141.0,84.0,210.0,151.0
2021-01-19,4.0,GME,Let's see who's getting financially ruined,20.0,74.0,33.0,22.0,60.0,45.0
2021-01-19,2.0,GME,BB TO THE MOON!!!! ðŸš€ðŸš€ðŸš€ðŸš€ ðŸ’ŽðŸ’ŽðŸ‘ðŸ»ðŸ‘ðŸ»,46.0,223.0,195.0,99.0,228.0,137.0
2021-01-20,12.0,GME,We did it boys!,70.0,220.0,86.0,111.0,171.0,94.0
2021-01-28,7.0,GME,FELLAS I AM SORRY,54.0,246.0,138.0,90.0,181.0,167.0
2021-01-20,3.0,GME,Announcement: Official Moderator Twitter Account @WSBMOD,96.0,261.0,101.0,136.0,200.0,122.0
2020-12-31,1.0,GME,Try again next year,20.0,110.0,49.0,42.0,76.0,61.0
2021-01-26,8.0,GME,PROTECT THE GOLDEN TENDIE GOOSE - THEY ARE GOING TO TRY AND STOP THIS SUB. THIS IS HOW WE PREVENT THAT (DIRTY LAWYER TALK),54.0,201.0,88.0,95.0,151.0,97.0
2021-01-08,1.0,GME,"Alright, which one of you is it?",26.0,84.0,33.0,30.0,68.0,45.0
2021-01-19,1.0,GME,NEW ARK ETF!!! I hope u/TheEmperorOfJenks had ðŸ’ŽðŸ™Œ,29.0,153.0,71.0,43.0,139.0,71.0
2021-01-14,8.0,GME,ðŸš€ðŸš€$BB Gang ðŸš€ðŸš€,43.0,257.0,136.0,90.0,220.0,126.0
2021-01-16,18.0,GME,$GME - this guy was SELLING January 15th $20 naked calls the day before The Great Squeeze on Wednesday. Fâ€™s in the chat boys,91.0,243.0,121.0,134.0,170.0,151.0
2021-01-11,4.0,GME,Shoutout to WSB! Prime Time baby!,26.0,118.0,60.0,31.0,87.0,86.0
2021-01-11,3.0,GME,All Aboard the USS GME,25.0,91.0,57.0,48.0,62.0,63.0
2021-01-04,3.0,GME,After a long weekend... itâ€™s finally here good luck retards!,30.0,90.0,48.0,42.0,69.0,57.0
2021-01-14,10.0,GME,$GME - End Game ðŸš€ðŸš€ðŸš€ðŸš€ðŸš€,38.0,159.0,108.0,49.0,127.0,129.0
2021-01-19,4.0,GME,Tendieman v3,16.0,77.0,46.0,20.0,73.0,46.0
2021-01-25,5.0,GME,Down 7.5k BUT STILL NOT SELLING. DIAMOND HANDS ðŸ’Ž ðŸ™Œ,35.0,160.0,64.0,59.0,131.0,69.0
2021-01-12,18.0,GME,$GME Autists preparing to break the $20.25 ceiling,31.0,132.0,70.0,55.0,105.0,73.0
2021-01-20,10.0,GME,$GME ANTHEM. ðŸ¥œðŸš€ðŸ’ŽðŸ‘,36.0,140.0,104.0,55.0,114.0,111.0
2021-01-26,1.0,GME,Do Both ðŸš€ðŸš€ðŸš€ðŸš€ðŸš€,10.0,59.0,21.0,15.0,53.0,22.0
2021-01-27,28.0,GME,BB waits... I'm just glad I'm here with all of you degenerates...,20.0,216.0,118.0,45.0,202.0,107.0
2021-01-14,4.0,GME,Exclusive: The First Man On The MoonðŸš€,11.0,37.0,32.0,18.0,32.0,30.0
2021-01-23,27.0,GME,$GME update $28k -> $284k -> $3.8m / can DFV plz deepfuckingdickme?,57.0,228.0,110.0,103.0,170.0,122.0
2021-01-15,2.0,GME,"Alex Karp says Buy the Dip !!! PLTR MOON SOON !! , while GME BBBY BB AND TSLA celebrate. WSB visualised.",19.0,105.0,57.0,25.0,88.0,68.0
2021-01-25,8.0,GME,NOK is on the move,40.0,242.0,137.0,72.0,213.0,134.0
2021-01-22,6.0,GME,Playing a role of silent assassin is the best tactic that WSB possesses and it should not be dismissed,29.0,180.0,27.0,40.0,146.0,50.0
2021-01-02,1.0,GME,Some decoration for my new apartment,42.0,120.0,54.0,47.0,92.0,77.0
2021-01-27,5.0,GME,"Daily Discussion Thread for January 27, 2021 - Part III",100.0,279.0,82.0,147.0,212.0,102.0
2021-01-21,4.0,GME,Skin in the game?,83.0,164.0,78.0,98.0,139.0,88.0
2021-01-27,14.0,GME,Hedge Fund crybabies will do anything to get WSB regulated or Banned. It is time we think about contingency plans.,71.0,259.0,110.0,112.0,179.0,149.0
2020-12-31,15.0,GME,GME YOLO year-end update â€” Dec 31 2020,40.0,189.0,117.0,80.0,157.0,109.0
2020-12-30,2.0,GME,"It turns out they aren't too keen on the word ""tendies""",32.0,118.0,57.0,48.0,88.0,71.0
2021-01-21,12.0,GME,"50%, best I can do you ungrateful fucks",26.0,116.0,80.0,38.0,106.0,78.0
2021-01-18,4.0,GME,WSB when there's a dip before the $GME rocket takes off ðŸš€ðŸš€ðŸš€ðŸš€ðŸš€ðŸš€,18.0,64.0,40.0,35.0,45.0,42.0
2021-01-25,3.0,GME,I will donate $500 to a charity of my choice if PLTR reaches $40 by end of the week.,25.0,94.0,82.0,22.0,113.0,66.0
2021-01-09,2.0,GME,"Me seeing all of Tesla gain porn, while I missed out and put life savings in GME/PLTR",32.0,87.0,46.0,38.0,73.0,54.0
2021-01-23,37.0,GME,Gme Infinite gamma squeeze explained,66.0,282.0,148.0,127.0,173.0,196.0
2021-01-17,10.0,GME,(Repost) Cramer on WSB & GME - this didnâ€™t age well. Still laughing?,43.0,125.0,72.0,69.0,94.0,77.0
2021-01-20,3.0,GME,This is why WSB is the most important forum on this site. The game is stacked against us and individually we are nothing. Do you think any of us wouldn't be charged with something if we did the same thing? Together we can make a difference.,49.0,122.0,62.0,65.0,86.0,82.0
2021-01-04,1.0,GME,PLTR 1/15 50c ðŸš€,9.0,62.0,30.0,18.0,66.0,17.0
2021-01-27,2.0,GME,Need a new car so I put $5000 into $GME earlier this month. I was hoping for enough for a Nissan.,18.0,90.0,60.0,24.0,88.0,56.0
2021-01-26,4.0,GME,AMC Army DD - let's go get popcorns. Save the screen. Why won't it let me post my DD? dafuq?,47.0,255.0,182.0,58.0,290.0,136.0
2021-01-24,12.0,GME,"For every dollar that is made here, two dollars are lost",71.0,272.0,120.0,104.0,179.0,180.0
2021-01-12,7.0,GME,"Mr. Beast must follow through, or be held accountable",66.0,133.0,70.0,68.0,115.0,86.0
2021-01-28,3.0,GME,"My response to Fox Business asking for an interview. MODS REMOVE MY PRISON TAT, I'VE BEEN A GOOD BOY!",30.0,127.0,59.0,41.0,94.0,81.0
2021-01-25,5.0,GME,"What Are Your Moves Tomorrow, January 26, 2021",83.0,270.0,147.0,147.0,188.0,165.0
2021-01-27,5.0,GME,Quit asking for help pumping stocks,17.0,47.0,18.0,19.0,36.0,27.0
2021-01-26,15.0,GME,GME is up 21% in germany. This is way higher then yesterday. stay strong,56.0,235.0,113.0,69.0,208.0,127.0
2021-01-28,1.0,GME,It's Simple: We Buy Jim Cramer,29.0,68.0,41.0,30.0,64.0,44.0
2021-01-22,3.0,GME,GMREEEEEEEEEEkend Containment Thread - GME shitposts go here,88.0,269.0,141.0,183.0,142.0,173.0
2020-12-31,1.0,GME,Weâ€™re also hitting bankruptcy levels thatâ€™s shouldnâ€™t be possible,14.0,40.0,26.0,12.0,42.0,26.0
2021-01-26,35.0,GME,I went from 100K to >1M last year and why $NOK is the easiest next ðŸš€ðŸš€ðŸš€ðŸš€ I've ever seen (DD MEGA COMPILATION),95.0,222.0,129.0,87.0,220.0,139.0
2021-01-19,4.0,GME,Live shot of $GME call holders,22.0,48.0,26.0,25.0,44.0,27.0
2021-01-04,6.0,GME,"Reeeeeeeeecap of today's (and recent) market driving news (Jan 4, 2021 after market close)",23.0,106.0,69.0,33.0,78.0,87.0
2021-01-14,15.0,GME,Fuckin' Lurkin' Cramer,38.0,170.0,59.0,58.0,108.0,101.0
2021-01-22,8.0,GME,Lost all my money when I discovered this sub 1 year ago and after 365 days I can proudly say I have learned nothing and am back to square one (16k to 1.3k and back),26.0,98.0,48.0,43.0,81.0,48.0
2021-01-19,2.0,GME,The Full DD on $BB: An Elon Musk+Jeff Bezos sandwich for our Supreme Leader John Chen,61.0,231.0,155.0,90.0,175.0,182.0
2021-01-19,5.0,GME,"$400k in GME, canâ€™t stop wonâ€™t stop GameStop!!! Letâ€™s go boys!",21.0,78.0,43.0,34.0,56.0,52.0
2021-01-26,2.0,GME,"Business Insider: (Big Short) investor Michael Burry made a 1,500% gain on GameStop during it's Reddit-fueled Rally",31.0,83.0,46.0,47.0,60.0,53.0
2021-01-26,15.0,GME,BlackBerry has potential for a large gamma squeeze this Friday ðŸš€,64.0,243.0,148.0,111.0,216.0,128.0
2021-01-13,8.0,GME,Can we get the energy up for Alex Karp? (Long PLTR) (DD inspo),31.0,128.0,75.0,51.0,107.0,76.0
2021-01-25,14.0,GME,Make Sure you Donâ€™t Get Penetrated â€¦ with Disinformation,32.0,113.0,78.0,50.0,91.0,82.0
2021-01-25,11.0,GME,Bought at the mega top but NOT SELING ($158),53.0,180.0,117.0,72.0,169.0,109.0
2021-01-02,1.0,GME,How I'm making money while I lose money,41.0,104.0,65.0,38.0,98.0,74.0
2021-01-15,27.0,GME,THIS IS IT. ALL IN,67.0,272.0,124.0,115.0,209.0,139.0
2021-01-21,5.0,GME,"A boomer here. Few weeks ago, my teenage son somehow convinced me to throw in this insane experiment. Hold the line, have a good day and go eff yourselves :)",22.0,125.0,101.0,35.0,111.0,102.0
2021-01-22,14.0,GME,PLTR GANG - Destroying ðŸŒˆðŸ»'s and Boomers,33.0,122.0,70.0,49.0,111.0,65.0
2021-01-13,14.0,GME,"Thanks Retards. You called out GME hitting $30 before EOW, I listened. $400 to $8k in two days is not bad.",43.0,168.0,100.0,82.0,115.0,114.0
2021-01-16,2.0,GME,Melvin Capital on Tuesday (forgive the watermarks for I am a meme apprentice),13.0,50.0,29.0,23.0,35.0,34.0
2021-01-14,14.0,GME,Full 5 min clip on Short Squeeze - WSB @ 4 min,41.0,169.0,82.0,68.0,126.0,98.0
2021-01-28,4.0,GME,We. Are. Strong. ðŸš€ðŸš€,18.0,77.0,31.0,25.0,59.0,42.0
2020-12-31,1.0,GME,GME Shares > Reddit Awards,25.0,74.0,31.0,42.0,63.0,25.0
2021-01-14,2.0,GME,"After ten months of watching mommy trade stonks, my two year old is officially an autist in training (PLTR to the mooooon)",31.0,144.0,69.0,49.0,114.0,81.0
2021-01-19,2.0,GME,Activist investor Ryan Cohen scores 400% gain on GameStop stock in under 6 months LETS GOO,6.0,59.0,40.0,4.0,61.0,40.0
2021-01-21,20.0,GME,GME - 10 days left to ðŸš€ðŸš€juiceðŸš€ðŸš€ earnings,57.0,263.0,150.0,106.0,209.0,155.0
2021-01-26,7.0,GME,We made it boys!,13.0,63.0,35.0,16.0,60.0,35.0
2021-01-26,25.0,GME,Well why would he ask for it? Let me think....,65.0,212.0,125.0,92.0,167.0,143.0
2021-01-12,2.0,GME,Diamond hands,37.0,80.0,43.0,39.0,68.0,53.0
2021-01-26,12.0,GME,Convinced my dad and some of his friends to throw money at this! Europoor here. Send this shit to fucking moonðŸš€ðŸš€ðŸš€,20.0,149.0,67.0,38.0,115.0,83.0
2021-01-16,28.0,GME,David Faber has joined Cramer in recognizing our power,69.0,174.0,91.0,114.0,99.0,121.0
2021-01-16,5.0,GME,$PLTR - The Big DDD,44.0,225.0,181.0,67.0,178.0,205.0
2021-01-27,8.0,GME,LETS GO BB & GME BUY AND HOLD LETS FUCKING GO BOYS WE GOING TO THE MOONðŸ’¸ðŸš€ðŸš€ðŸ’¸ðŸš€ðŸ’¸ðŸš€ðŸ’¸,20.0,99.0,39.0,33.0,89.0,36.0
2021-01-01,1.0,GME,"For All you retards who actually made money, make sure to pay it forward.",23.0,72.0,40.0,28.0,52.0,55.0
2021-01-22,9.0,GME,Hi Retards It's Your Mom - Don't Forget Taxes,78.0,226.0,159.0,98.0,196.0,169.0
2021-01-12,3.0,GME,Palantir Secures $8.5 Million Phase I Contract With U.S. Army,39.0,191.0,125.0,70.0,142.0,143.0
2021-01-20,1.0,GME,INVEST GME NOW ðŸ˜ŽðŸ˜Ž | GME GO TO MOON ðŸš€ðŸš€ðŸš€,14.0,39.0,21.0,24.0,26.0,24.0
2021-01-27,8.0,GME,DDDD - How r/wallstreetbets Created a Financial Weapon of Mass Destruction,22.0,100.0,59.0,40.0,70.0,71.0
2021-01-27,1.0,GME,GME,3.0,18.0,4.0,6.0,12.0,7.0
2021-01-01,3.0,GME,Yoloing into 2021 with $GME,15.0,85.0,62.0,23.0,63.0,76.0
2021-01-28,3.0,GME,"I was becoming hesitant about holding past $500 but after the dirty play they pulled today, I'M HOLDING TILL $10,000!!!",13.0,50.0,23.0,22.0,36.0,28.0
2021-01-05,7.0,GME,WSB stock interview,12.0,81.0,34.0,22.0,67.0,38.0
2021-01-21,1.0,GME,Citron coverage of GME vs WSB coverage of GME,9.0,31.0,22.0,13.0,21.0,28.0
2021-01-26,9.0,GME,YOLO into BB. Letâ€™s GOOOO,42.0,234.0,119.0,73.0,232.0,90.0
2021-01-24,14.0,GME,"University taught me jack, you tards gave me wisdom",58.0,222.0,127.0,86.0,154.0,167.0
2021-01-23,1.0,GME,"We hit 10 comments per second in today's GME thread, congrats to every participant in the most active community on Reddit",6.0,48.0,14.0,16.0,30.0,22.0
2021-01-28,4.0,GME,WEâ€™RE BACK... AND READY FOR WAR!,24.0,94.0,45.0,35.0,83.0,45.0
2021-01-23,28.0,GME,"This meme has come true, Melvin Capital does have about $2 billion loss",83.0,279.0,134.0,109.0,199.0,188.0
2021-01-27,1.0,GME,"Why GME Matters: Hedge funds took a huge risk shorting 130%. They lost, and now the retail investor is manipulating the market? GTFO.",8.0,19.0,13.0,16.0,9.0,15.0
2021-01-13,5.0,GME,PLTR November 45c. Yolo 453k.,55.0,257.0,151.0,86.0,234.0,143.0
2021-01-27,23.0,GME,WE ARE GOING TO THE MOON BOYS GME BB AND AMC FULL FUCKING SEND ðŸ’¸ðŸš€ðŸ’¸ðŸš€ðŸš€ðŸ’¸ðŸš€ðŸ˜ˆðŸ¤©ðŸ¤ªðŸš€,39.0,208.0,82.0,70.0,179.0,80.0
2021-01-22,12.0,GME,BlackBerry (why it will go up to $180 ðŸš€),37.0,222.0,238.0,72.0,204.0,221.0
2021-01-21,1.0,GME,This guy must be apart of WSB.,11.0,45.0,21.0,12.0,45.0,20.0
2021-01-17,30.0,GME,The MAN has tweeted. Papa Cohen,55.0,285.0,148.0,95.0,258.0,135.0
2021-01-27,10.0,GME,"People are asking, what is the next GME? BB? AMC? What should I buy? THE NEXT GME IS GME, WHEN IT HITS $5000. STAY STRAPPED IN LADIES AND AUTISTS",19.0,75.0,39.0,28.0,70.0,35.0
2021-01-27,6.0,GME,WSB ETF ðŸš€ ðŸš€ ðŸš€,28.0,137.0,54.0,42.0,120.0,57.0
2021-01-27,4.0,GME,We did it! Buy the rip,13.0,82.0,53.0,32.0,75.0,41.0
2021-01-25,1.0,GME,"Daily Discussion Thread for January 25, 2021",64.0,330.0,98.0,96.0,291.0,105.0
2021-01-21,61.0,GME,Groupthink and Tribalism on WSB,48.0,279.0,135.0,110.0,131.0,221.0
2021-01-25,3.0,GME,"January 25th, 2021 GME Battle Diary: 4:00AM - 4:00PM",25.0,79.0,35.0,31.0,56.0,52.0
2021-01-24,17.0,GME,Nokia $NOK Debunking common myths. And a look at recent news.,64.0,223.0,160.0,79.0,198.0,170.0
2021-01-23,7.0,GME,GME Gainz (so far) - 2k into 31k,39.0,155.0,80.0,67.0,121.0,86.0
2021-01-18,2.0,GME,DD: How to grow your own gourds. You can even make knots out of them ($ROPE),35.0,127.0,58.0,36.0,104.0,80.0
2021-01-10,1.0,GME,"Tesla's $25,000 Electric Car Coming Sooner Than Expected, 2022 Launch Hinted ðŸš€ ðŸš€",50.0,232.0,98.0,66.0,191.0,123.0
2021-01-21,4.0,GME,Hold strong and see you on the moon BB Gang!!! ðŸš€ðŸš€ðŸš€,22.0,98.0,84.0,48.0,102.0,54.0
2021-01-26,12.0,GME,Europoors gearing up!,39.0,166.0,72.0,53.0,158.0,66.0
2021-01-22,1.0,GME,"Shitron logging in on their ""state of the art systems"" for web conference",19.0,72.0,33.0,21.0,55.0,48.0
2021-01-27,10.0,GME,Be prepared! Donâ€™t let euphoria be your downfall!,66.0,256.0,139.0,97.0,194.0,170.0
2021-01-25,40.0,GME,Comparing the GME squeeze to the VW squeeze needs to stop.,61.0,200.0,163.0,82.0,154.0,188.0
2021-01-19,18.0,GME,"GME - EndGame Part 2: Cohen, Market Cap, Potential Investors",41.0,160.0,138.0,49.0,128.0,162.0
2021-01-27,6.0,GME,The $GME WSB Movie just got way cooler with a Pepe Silvia Twist & Weird Hostile Takeover Angle? Cramer - Give me a Pulitzer.,28.0,79.0,47.0,43.0,58.0,53.0
2020-12-30,3.0,GME,To the moon ðŸ»ðŸ»ðŸ»ðŸš€ðŸš€ðŸš€ðŸŒ•,4.0,41.0,29.0,13.0,32.0,29.0
2020-12-30,2.0,GME,The war crime that is r/dividends,71.0,262.0,140.0,111.0,164.0,198.0
2021-01-14,5.0,GME,WSB Basic Training,11.0,46.0,17.0,15.0,36.0,23.0
2021-01-25,6.0,GME,"$30,000 into $BB and $NOK!! LET'S GO RETARDS!",28.0,144.0,57.0,39.0,149.0,41.0
2021-01-20,1.0,GME,Homer gets a call from his stock broker,11.0,18.0,20.0,12.0,17.0,20.0
2021-01-25,3.0,GME,I AINT SELLIN ðŸš€ðŸš€ðŸš€ðŸš€ BB TO THE FUCKING MOOONN ðŸŒ‘ðŸŒ‘ðŸ’ŽðŸ’ŽðŸ¤ðŸ¤ðŸš€ðŸš€ðŸš€ðŸš€ðŸš€,29.0,130.0,102.0,49.0,142.0,70.0
2020-12-30,1.0,GME,In case you are on the same boat (PLTR),50.0,170.0,95.0,59.0,137.0,119.0
2021-01-27,2.0,GME,Chamath just made the most important argument defending us that has ever existed. This interview is on CNBC isðŸ”¥ðŸ”¥ðŸ”¥.,10.0,45.0,23.0,12.0,31.0,35.0
2021-01-13,7.0,GME,WSB austists after YOLOing GME and making their parents salary in one night,15.0,51.0,27.0,26.0,39.0,28.0
2021-01-05,1.0,GME,Patrick Bateman finds out about GME,13.0,66.0,46.0,14.0,55.0,56.0
2021-01-19,6.0,GME,Remember when Citron Research was bullish on LUCKIN ($LK) and it turned out to be one of the biggest accounting/security frauds in recent history? Another prominent Luckin shareholder that was left holding the bag? Melvin FUCKING Capital. ðŸ’Žâœ‹ðŸ’Ž I'M NOT FUCKING SELLING! ðŸ’Žâœ‹ðŸ’Ž ðŸš€ðŸš€ðŸš€ðŸš€ðŸš€ðŸš€ðŸš€,32.0,74.0,25.0,40.0,41.0,50.0
2021-01-22,33.0,GME,GME MOASS Update: ORTEX Data (1/22/21),69.0,248.0,178.0,118.0,157.0,220.0
2021-01-27,12.0,GME,Mods PLEASE ban new accounts from posting,23.0,54.0,34.0,33.0,38.0,40.0
2021-01-21,3.0,GME,Lord of the Squeeze,11.0,54.0,34.0,22.0,44.0,33.0
2021-01-15,4.0,GME,CAN WE PLEASE MOD THIS MAN ðŸš€ðŸš€ðŸš€ðŸš€,32.0,108.0,73.0,50.0,92.0,71.0
2021-01-17,27.0,GME,If you're confused about your current long position in GME...,45.0,203.0,99.0,76.0,149.0,122.0
2021-01-26,3.0,GME,"I can literally buy a Tesla with $800 now (I wonâ€™t, Iâ€™ll buy more GME of course)",21.0,66.0,44.0,29.0,55.0,47.0
2021-01-22,6.0,GME,"Weekend Discussion Thread for the Weekend of January 22, 2021",93.0,271.0,137.0,158.0,180.0,163.0
2021-01-25,2.0,GME,RETARDED BB ROCKET READY FOR LIFTOFF TO PLUTO!!! ðŸš€ðŸš€ðŸš€ðŸš€,13.0,95.0,46.0,26.0,100.0,28.0
2021-01-24,4.0,GME,"Apparently, GameStop knew about this sub before you Autistics knew about them...",18.0,55.0,36.0,27.0,45.0,37.0
2021-01-25,9.0,GME,Why I'm in on ðŸš€Nokia (NOK) - DD,29.0,162.0,96.0,41.0,162.0,84.0
2021-01-21,2.0,GME,Andrew Left's Apology to WSB,16.0,45.0,40.0,20.0,42.0,39.0
2021-01-27,1.0,GME,GME WAS STOPPED AT $269.69 THIS IS A SIGN OF THE WSB GODS THAT WE ARE GOING TO THE FUCKING NEXT STAR SYSTEM! HOLD THE LINE NOT FUCKING SELLING ðŸš€ðŸš€ðŸš€ðŸš€,9.0,24.0,9.0,12.0,20.0,10.0
2021-01-20,8.0,GME,"$BB warrior here, but I bought 100 $GME yesterday to do my part.",18.0,104.0,82.0,28.0,118.0,58.0
2021-01-26,14.0,GME,"S3 PARTNERS SAYS TO ""PREPARE FOR ANOTHER ROUND"" IN $GME SQUEEZE!",48.0,197.0,98.0,90.0,128.0,125.0
2021-01-19,3.0,GME,WBS's Market March for GME,14.0,80.0,25.0,23.0,57.0,39.0
2021-01-15,42.0,GME,In case anyone missed it.....GME 4EVER!!,45.0,270.0,162.0,104.0,218.0,155.0
2021-01-26,8.0,GME,GME Update - Why Iâ€™m proud of you degenerates for making history,24.0,69.0,58.0,27.0,67.0,57.0
2021-01-28,16.0,GME,"If you want to know when to sell, read this.",58.0,188.0,97.0,76.0,160.0,107.0
2021-01-28,5.0,GME,DeepFuckingValues Pay Day,21.0,104.0,84.0,33.0,100.0,76.0
2021-01-14,1.0,GME,WE HAVE THE POWWWWWEEEEERR,19.0,66.0,35.0,19.0,54.0,47.0
2021-01-25,23.0,GME,MOATA/DD for the MOASS - There will be more than one GME Squeeze,80.0,232.0,165.0,109.0,167.0,201.0
2021-01-24,5.0,GME,"GME, will light one up for thee",9.0,65.0,50.0,21.0,59.0,44.0
2021-01-27,1.0,GME,BUY AND HOLD GAMESTOP THEY HAVENT CLOSED SHIT ITS FAKE FUCKING NEWS IF WE KEEP IT UP TILL FRIDAY THEYLL LOSE FUCKING BILLIONS,10.0,29.0,12.0,14.0,19.0,18.0
2021-01-23,14.0,GME,"Meanwhile, in XL Fleet... (the stock Citron actually Long'd)",35.0,134.0,65.0,72.0,80.0,82.0
2021-01-28,5.0,GME,"The real DD on SLV, the worlds biggest short squeeze is possible and we can make history",67.0,269.0,159.0,89.0,230.0,176.0
2021-01-26,6.0,GME,"One hell of a journey. Thanks for changing my life WSB, GME, DFV and many other OG bulls. $0 -> $175k -> -$100k -> $1.3m",13.0,61.0,47.0,29.0,37.0,55.0
2021-01-23,54.0,GME,"Considering YOLOing entire ROTH IRA balance into GME. I need confirmation bias, dammit.",63.0,251.0,178.0,110.0,168.0,214.0
2021-01-08,2.0,GME,TSLA went up another 0.25 Toyotas today. TSLA's daily movements can now be visualized as number of Toyota market caps.,39.0,139.0,79.0,63.0,108.0,86.0
2020-12-31,9.0,GME,Me sitting here waiting for the $GME rockets to finish fueling and watching everything go red this morning.,22.0,65.0,52.0,44.0,51.0,44.0
2021-01-28,17.0,GME,"HOORAY FOR CHARLES PAYNE! â€œThe shorts have had their way with the market for decades, and no one has ever complained about it, so i am thrilled, that individual investors are playing the same game, and now you (big hedge funds) are losingâ€ - Charles Payne.",73.0,282.0,144.0,108.0,181.0,210.0
2021-01-01,1.0,GME,My stocks be like,8.0,29.0,13.0,15.0,12.0,23.0
2021-01-15,18.0,GME,"Cathie added 497100 share of PLTR to ARKW today, you know what that means.",37.0,221.0,109.0,66.0,200.0,101.0
2021-01-03,2.0,GME,Accurately predicted future of Melvin and GME ðŸš€ðŸš€ðŸš€,9.0,60.0,31.0,18.0,46.0,36.0
2021-01-15,1.0,GME,"GME gang, itâ€™s never too late. ðŸš€ðŸš€ðŸš€ðŸš€ðŸš€",24.0,86.0,57.0,35.0,75.0,57.0
2021-01-22,2.0,GME,No Selling ðŸ’ŽðŸ™Œ,8.0,32.0,14.0,8.0,28.0,18.0
2021-01-06,14.0,GME,Thanks TSLA for 1092% gains in 2020!,56.0,244.0,163.0,100.0,157.0,206.0
2021-01-27,2.0,GME,Never forget ðŸš€,12.0,30.0,21.0,18.0,28.0,17.0
2021-01-18,18.0,GME,GME: Build Your Own PC..... What does that remind you of?,43.0,146.0,59.0,58.0,101.0,89.0
2021-01-05,12.0,GME,GME Gang: We Need to Complain about Naked Short Selling,84.0,218.0,104.0,129.0,140.0,137.0
2021-01-22,7.0,GME,$270K profit from $GME calls. Don't worry I haven't sold a single share. Will put profit into more $GME shares. This is the way ðŸš€ðŸš€ðŸš€ðŸš€ðŸš€ðŸš€ðŸš€ðŸš€,13.0,79.0,47.0,32.0,62.0,45.0
2021-01-27,16.0,GME,Friday 1/29/21 GME Expiry Date Means Nothing. Don't buy into the hype - shorts aren't just afraid of this Friday. Come down the rabbit hole with me.,55.0,198.0,126.0,74.0,155.0,150.0
2020-12-30,4.0,GME,"Decay my sweet babies, decay.",47.0,153.0,108.0,65.0,103.0,140.0
2021-01-23,9.0,GME,I listened to Andrew Left.......,56.0,207.0,81.0,92.0,157.0,95.0
2021-01-28,18.0,GME,They want to say we dont know fundamentals? 250% float isnt fundamental,50.0,148.0,90.0,74.0,100.0,114.0
2021-01-26,9.0,GME,Theyâ€™re trying to distract. HOOOLLLLLDDDDDD ðŸš€ ðŸš€ðŸš€ðŸš€,20.0,65.0,29.0,22.0,49.0,43.0
2021-01-25,9.0,GME,"Melvin is getting a bailout, first battle won",42.0,168.0,81.0,62.0,113.0,116.0
2021-01-14,11.0,GME,$BB Is going to take off like a literal rocket,59.0,270.0,143.0,106.0,226.0,140.0
2021-01-11,6.0,GME,GME Tendies Train About to Leave,36.0,176.0,126.0,59.0,183.0,96.0
2021-01-26,4.0,GME,Incoming Chapter 11's ðŸ™ŒðŸ’ŽðŸš€ðŸš€ðŸš€,46.0,104.0,38.0,46.0,77.0,65.0
2021-01-21,6.0,GME,MarketWatch listing BB as a top Tech stock to buy now,19.0,118.0,72.0,46.0,79.0,84.0
2021-01-18,7.0,GME,MLK Weekend When You're in the PLTR and TSLA Gang,11.0,62.0,35.0,20.0,53.0,35.0
2021-01-25,7.0,GME,"Remember, GME closing above Friday (+20%, even +10%) is a LOT of pressure on shorts",28.0,115.0,66.0,36.0,89.0,84.0
2021-01-27,21.0,GME,GME: 1/26 status report. Shorts lost $5B today alone. Fees increasing. MM to cover on Monday 2/1. And more.,81.0,210.0,140.0,97.0,200.0,134.0
2021-01-27,1.0,GME,Me buying 3 shares at $365,7.0,25.0,23.0,7.0,32.0,16.0
2021-01-21,2.0,GME,Footage of $BB using ðŸš€ to ðŸŒ‘,17.0,122.0,75.0,35.0,112.0,67.0
2021-01-27,6.0,GME,LINK TO REPORT TD AMERITRADE FOR ILLEGAL ACTIVITY,22.0,70.0,26.0,30.0,53.0,35.0
2021-01-27,21.0,GME,Former NOK Bull Speaks Out,53.0,245.0,154.0,102.0,177.0,173.0
2021-01-23,18.0,GME,Palantards unite ðŸš€ðŸš€ðŸš€ $50 by end of Feb ðŸš€ðŸš€ðŸš€ðŸš€ðŸš€ðŸš€ðŸš€ðŸš€ðŸš€,40.0,173.0,138.0,55.0,191.0,105.0
2021-01-16,41.0,GME,"Theyâ€™re really mad at us boys. We cost them almost $1b in a day. Now is the time, dig in and fucking hold. Ill see you on the moonðŸš€ðŸš€ðŸš€ðŸš€",95.0,248.0,127.0,156.0,143.0,171.0
2021-01-25,8.0,GME,$NOK Next stock to blow,26.0,175.0,106.0,50.0,162.0,95.0
2021-01-23,3.0,GME,These were the comments you all were posting 1 year ago to deepfuckingvalue when the stock was under $10. Today youâ€™re buying in the $60â€™s. Just an observation.,16.0,75.0,62.0,30.0,54.0,69.0
2021-01-18,16.0,GME,"My $247,688 GME YOLO",41.0,145.0,93.0,59.0,129.0,91.0
2021-01-24,27.0,GME,"$BB will moon in the short term, but not because of fundamentals.",61.0,211.0,157.0,88.0,189.0,152.0
2021-01-27,10.0,GME,"STOP BEING GREEDY, GME IS THE WAY FORGET AMC, BB, NOK WE DONT HAVE THE LIQUIDITY FOR IT ALL, GME to 500 IS ALL TOO POSSIBLE WE CAN DO THIS",35.0,65.0,33.0,35.0,59.0,39.0
2021-01-26,3.0,GME,"If you ever feel paper hands taking over, just remember:",16.0,51.0,68.0,15.0,88.0,32.0
2021-01-11,15.0,GME,GameStop Announces Additional Board Refreshment to Accelerate Transformation,36.0,177.0,92.0,63.0,134.0,108.0
2021-01-13,2.0,GME,$GME gang today,4.0,32.0,26.0,10.0,29.0,23.0
2021-01-15,2.0,GME,BB ðŸš€ðŸš€ðŸš€ðŸš€ðŸš€ðŸš€ðŸš€,16.0,93.0,59.0,29.0,82.0,57.0
2021-01-21,19.0,GME,"How I Blew Up My Account Today and Lost $90,000",70.0,263.0,127.0,123.0,179.0,158.0
2021-01-27,7.0,GME,GME UP 100% IN GERMANY... currently at almost 290$,55.0,243.0,86.0,73.0,235.0,76.0
2021-01-27,2.0,GME,You GME retards better not be selling right now,18.0,35.0,26.0,20.0,34.0,25.0
2021-01-08,5.0,GME,WSB - FD Shop,10.0,48.0,30.0,16.0,36.0,36.0
2021-01-24,21.0,GME,Stop talking about $GME as if it's going to moon to $1k Monday - the Volkswagen squeeze took months. You'll only encourage paper hands to sell faster,77.0,244.0,127.0,101.0,201.0,146.0
2021-01-28,10.0,GME,"NY Times on our GME run: ""Propelled by a mix of greed and boredom...""",83.0,201.0,115.0,109.0,143.0,147.0
2021-01-23,8.0,GME,$BB Weekend Due Diligence - Confirmation Bias - Diamond Hands ðŸ’Ž ðŸ™Œ Motivation - Why ðŸŒˆ ðŸ»â€˜s Will Drown in BBâ€™s Economic MOAT - Get Your One Way Ticket To the Moon ðŸš€ ðŸŒ™,49.0,141.0,123.0,49.0,122.0,142.0
2021-01-20,15.0,GME,Citron Research In A Nutshell. $GME holders read.,42.0,153.0,82.0,56.0,124.0,97.0
2021-01-14,4.0,GME,$GME - King autist demands his tendies,10.0,28.0,23.0,10.0,28.0,23.0
2021-01-10,7.0,GME,I am so proud of this community and especially the mods with regards to the discussions around the current political landscape.,54.0,159.0,69.0,74.0,113.0,95.0
2021-01-11,9.0,GME,GME Adds three new board members including Ryan Cohen and two other ex chewy personnel. GME up 8% in premarket ðŸš€ðŸš€ðŸš€ðŸš€ðŸš€,29.0,110.0,66.0,47.0,83.0,75.0
2021-01-26,2.0,GME,All in on BB bitches let's take the world to the moon ðŸš€ðŸš€ðŸš€ðŸ¤‘ðŸ¤‘ðŸ¤‘,29.0,159.0,66.0,38.0,164.0,52.0
2021-01-22,7.0,GME,Retard Aussie Here. 15K USD ALL IN $GME and $BB ðŸš€ðŸš€ðŸš€,32.0,97.0,65.0,50.0,74.0,70.0
2021-01-21,9.0,GME,God our wives boyfriends will be so happy ðŸš€ðŸš€ðŸš€ðŸš€,10.0,63.0,41.0,19.0,39.0,56.0
2021-01-27,2.0,GME,"They want u to sell, DONT SELL donâ€™t sell donâ€™t sell donâ€™t sell donâ€™t sell donâ€™t sell donâ€™t sell donâ€™t sell donâ€™t sell",2.0,28.0,8.0,4.0,27.0,7.0
2021-01-20,5.0,GME,Shoutout to the hottest cell phone manufacturer of 2004 and also Fidelity for letting me take out 550k on margin,38.0,141.0,75.0,51.0,108.0,95.0
2021-01-15,10.0,GME,This is the most retarded thing I have ever done getting swept up in this GME Hype.,38.0,123.0,47.0,60.0,81.0,67.0
2021-01-27,7.0,GME,"Steven Cohen, founder of Point72 Ventures who bailed out Melvin Capital, directly calling out WSB on Twitter",59.0,116.0,49.0,58.0,107.0,59.0
2021-01-24,4.0,GME,"What Are Your Moves Tomorrow, January 25, 2021",74.0,297.0,125.0,113.0,229.0,154.0
2021-01-24,31.0,GME,What Everyone is Getting Wrong About GME,52.0,157.0,92.0,73.0,100.0,128.0
2021-01-22,1.0,GME,Congrats REDDIT ARMY AKA WSB!! You took on Citron and won!,36.0,76.0,28.0,50.0,54.0,36.0
2021-01-28,6.0,GME,"(Safe for Work) An Open Letter to CNBC and Its Contributors: Through Either Ignorance or Bad Faith, You Are Getting This Wrong.",19.0,105.0,79.0,35.0,68.0,100.0
2021-01-15,1.0,GME,ðŸš€Cramer said rocket ship emojis on television while talking after talking about GMEðŸš€,19.0,77.0,36.0,37.0,52.0,43.0
2021-01-26,4.0,GME,Chamath just called game.,13.0,70.0,40.0,17.0,57.0,49.0
2021-01-28,19.0,GME,Call your brokerage and demand compensation for todayâ€™s outage! I got $200+ from TDA!,71.0,118.0,80.0,82.0,95.0,92.0
2020-12-31,1.0,GME,Buy $PLTR calls they said,11.0,68.0,32.0,21.0,52.0,38.0
2021-01-26,5.0,GME,Bought $700K of GME today. Upgrading $GME to $240 price target,16.0,70.0,43.0,23.0,61.0,45.0
2021-01-14,1.0,GME,The Big Squeeze | The Story Of GME's Parabolic Move,13.0,51.0,35.0,26.0,44.0,29.0
2021-01-26,9.0,GME,"I was up by 16K with GME, money Iâ€™ve never seen in my account before, almost cried when it went down to low 60$ per share. Just so you know, you are not alone fighting, still holding. GME to the ðŸš€ ðŸŒ",24.0,110.0,86.0,39.0,98.0,83.0
2021-01-15,11.0,GME,The battle resumes on Tuesday,25.0,84.0,51.0,44.0,63.0,53.0
2021-01-20,5.0,GME,BB READY FOR THE MOON ðŸŒ™ðŸš€ðŸš€ðŸš€,26.0,122.0,77.0,48.0,118.0,59.0
2021-01-24,11.0,GME,PSA: Mental Health and YOU (Community edition),40.0,145.0,84.0,71.0,91.0,107.0
2021-01-17,3.0,GME,You bastards made the Barronâ€™s,24.0,66.0,32.0,33.0,45.0,44.0
2021-01-27,31.0,GME,"Doing my part , BB will take off soon ðŸš€ðŸš€ðŸš€ðŸš€",28.0,189.0,95.0,49.0,177.0,86.0
2021-01-25,10.0,GME,Helping the BB gang lol letâ€™s go retards!!! ðŸ’ŽðŸš€ðŸ’ŽðŸ’¸ðŸš€ðŸ’¸,22.0,116.0,43.0,48.0,101.0,32.0
2021-01-26,1.0,GME,An in-depth analysis of what would happen if we all held onto GME,11.0,39.0,36.0,11.0,50.0,25.0
2021-01-27,2.0,GME,LIVE FOOTAGE OF MELVIN CAPITAL $GME,7.0,28.0,19.0,6.0,31.0,17.0
2021-01-22,5.0,GME,You Idiots Helped Me Make 2 Years of Passive Income in One Day,19.0,60.0,32.0,12.0,60.0,39.0
2021-01-27,6.0,GME,"January 27th Short interest 139%! Donâ€™t sell, their lying to us. Stay strong ðŸš€ðŸš€",14.0,41.0,15.0,14.0,35.0,21.0
2021-01-27,2.0,GME,"Poor as dirt, $40 in my account after paying rent, you boys are helping me put food on the table this week.",6.0,47.0,16.0,14.0,20.0,35.0
2021-01-16,4.0,GME,Me investing in BB last on Friday,25.0,111.0,78.0,43.0,101.0,70.0
2021-01-26,15.0,GME,Shitron finally spoke,67.0,185.0,88.0,78.0,120.0,142.0
2021-01-26,18.0,GME,Melvin capital may have just liquidated their AUM after hours,55.0,148.0,74.0,74.0,102.0,101.0
2021-01-22,33.0,GME,GME - I think this is a Gamma Squeeze where dealers COULD NOT hedge fast enough,83.0,227.0,173.0,93.0,128.0,262.0
2021-01-22,2.0,GME,Still Holding ðŸ’ŽðŸ–ðŸ»ðŸš€ðŸš€ðŸš€,9.0,48.0,25.0,17.0,35.0,30.0
2021-01-01,1.0,GME,To the moon right guys,8.0,36.0,29.0,18.0,36.0,19.0
2021-01-15,8.0,GME,BB GANG - DONT STOP TILL WE REACH THE MOON OF FUCKING ENDOR ðŸš€ðŸš€ðŸš€ðŸš€ðŸš€ðŸš€ðŸš€ðŸš€,71.0,240.0,146.0,114.0,217.0,126.0
2021-01-23,6.0,GME,The GME corporate offices absolutely rolling in cash rn,21.0,101.0,56.0,30.0,78.0,70.0
2021-01-19,2.0,GME,Look what we did,9.0,38.0,20.0,13.0,30.0,24.0
2021-01-14,6.0,GME,BlackBerry a phone company?,26.0,127.0,77.0,53.0,102.0,75.0
2021-01-23,8.0,GME,Your gains are significant too,23.0,114.0,82.0,46.0,61.0,112.0
2021-01-21,1.0,GME,Shitronâ€™s presentation on GME tomorrow ðŸŒˆðŸ» GME is ready for launch ðŸš€ðŸš€ðŸš€ðŸš€ðŸš€ðŸš€ðŸš€ðŸš€ðŸš€ðŸš€,8.0,31.0,21.0,14.0,24.0,22.0
2021-01-17,3.0,GME,BB Blast Off Official Trailer,22.0,124.0,79.0,41.0,122.0,62.0
2020-12-30,3.0,GME,Guess who made it into Yahoo Finance's news brief this morning,18.0,48.0,20.0,29.0,35.0,22.0
2021-01-20,1.0,GME,How It Felt Holding $GME With All Of You Guys Today. FUCK CITRON! See You Guys @ $100,9.0,44.0,12.0,13.0,32.0,20.0
2021-01-24,15.0,GME,Benzinga claims PLTR is running solely because of us.,80.0,180.0,93.0,109.0,111.0,133.0
2021-01-13,8.0,GME,Jimmy Boy might be pickup up the GME story ðŸš€ðŸš€ðŸš€ðŸš€ðŸš€ðŸš€,36.0,143.0,63.0,49.0,127.0,66.0
2021-01-26,4.0,GME,â€œThe markets can remain irrational longer than you can remain solvent.â€ - John Maynard Keynes,9.0,33.0,11.0,11.0,20.0,22.0
2021-01-11,1.0,GME,"If you want to learn how to trade please DONâ€™T listen to people who made all of their gains this year, they have no clue what theyre talking about",42.0,114.0,58.0,53.0,87.0,74.0
2021-01-27,5.0,GME,Yolo update: tomorrow I become a millionaire! GME TO THE MOON!!!ðŸš€ðŸš€ðŸš€ðŸš€ðŸš€ðŸš€ðŸš€ðŸš€ðŸš€ðŸš€ðŸš€ðŸš€ðŸš€ðŸš€ðŸš€ðŸš€ðŸš€,17.0,61.0,54.0,26.0,40.0,66.0
2021-01-26,3.0,GME,Start writing letters and emails to your state representatives.,33.0,88.0,65.0,38.0,70.0,78.0
2021-01-18,7.0,GME,"Don't buy $BB calls, buy $BB shares - Here's why",58.0,238.0,179.0,97.0,178.0,200.0
2021-01-27,2.0,GME,The Big Short Squeeze,8.0,32.0,27.0,11.0,36.0,20.0
2021-01-25,4.0,GME,Just from Premarket. Im so fucking wet for today.,19.0,63.0,42.0,23.0,59.0,42.0
2021-01-26,2.0,GME,Bloomberg actually thinks we invest based on emojis ðŸ¤£ðŸ˜‚ðŸ™ŒðŸ¼ðŸ˜‚ðŸ¤£ðŸ˜‚,24.0,126.0,31.0,46.0,97.0,38.0
2021-01-26,12.0,GME,"For $GME to infinity squeeze to the most valuable company on Earth, the share price would temporarily have to hit $34,000 each.",36.0,155.0,96.0,47.0,116.0,124.0
2021-01-18,12.0,GME,Someone is Mad He Didn't Get a Call Back.,38.0,85.0,46.0,57.0,70.0,42.0
2021-01-19,18.0,GME,"GME Negative Float. The most Bullish, Misunderstood Aspect that EVERYONE needs to read. Rally the troops, my brothers, for the war could be over very soon.",47.0,253.0,138.0,83.0,191.0,164.0
2021-01-22,6.0,GME,"Todayâ€™s top Option ROIs (Friday, 1/22)",25.0,115.0,81.0,36.0,88.0,97.0
2021-01-21,1.0,GME,Tendieman BUMP HOUSE REMIX,5.0,46.0,21.0,13.0,37.0,22.0
2021-01-04,1.0,GME,Futures,8.0,40.0,10.0,9.0,33.0,16.0
2021-01-14,6.0,GME,$BB Weâ€™ve only just begun...,29.0,171.0,106.0,49.0,176.0,81.0
2021-01-02,1.0,GME,And Here. We. Go.,75.0,249.0,159.0,99.0,172.0,212.0
2021-01-24,4.0,GME,GAINS: PLTR + GME Combined $210k on Friday alone. $300k+ since the first of the year. Not Selling Yet!,14.0,101.0,52.0,37.0,58.0,72.0
2021-01-26,4.0,GME,"GME #1 on Google Trends yesterday, 4x more searched than the next highest",7.0,38.0,24.0,12.0,27.0,30.0
2021-01-26,10.0,GME,New GME member orientation before blast off: The squeeze has not been squoze (ðŸ’ŽðŸ™Œ = ðŸš€ðŸš€ðŸš€),30.0,104.0,55.0,47.0,76.0,66.0
2021-01-01,1.0,GME,"In honor of the true savior of 2020, an enhanced version (48MP) of the famous depiction of his holiness",10.0,35.0,17.0,10.0,34.0,18.0
2021-01-27,9.0,GME,GME UP TO 300 PRE MARKET!! THE FUNDS ARE TOTALLY FUCKEDðŸš€ðŸš€ðŸš€ðŸš€ðŸš€,72.0,254.0,126.0,89.0,229.0,134.0
2021-01-26,8.0,GME,BB partnership,33.0,147.0,54.0,49.0,119.0,66.0
2021-01-27,4.0,GME,"Andrew Tate: ""These people on reddit are geniuses! I'm in for 6mil We're taking out hedge funds"" ðŸš€ðŸš€ðŸš€ðŸš€",29.0,73.0,69.0,45.0,71.0,55.0
2021-01-27,3.0,GME,$600 to 163k in 14 days. GME has changed my life. ðŸš€ðŸš€ Absolutely thankful to every individual in this sub who helps keep this dynamic community of autists together with knowledge and humor.,4.0,20.0,20.0,12.0,9.0,23.0
2021-01-23,28.0,GME,PSA to Newbies & Amateur Investors Before You Lose It All,43.0,157.0,101.0,80.0,82.0,139.0
2021-01-27,12.0,GME,"BlackBerry ($BB), Why you need it.",48.0,135.0,76.0,60.0,129.0,70.0
2021-01-24,7.0,GME,Lawsuits Will be Filed as scare tactics,64.0,144.0,61.0,76.0,93.0,100.0
2021-01-27,1.0,GME,"Iâ€™ve shared this GME movement with many of my friends and family (fueling the fire, spreading the wealth, bragging about legendary gains). A lot of them ask me, â€œBut why GameStop? Why?â€ Do you know what I tell them?",5.0,33.0,11.0,7.0,28.0,14.0
2021-01-19,1.0,GME,$BB getting recognized thanks to WSB,25.0,76.0,34.0,35.0,63.0,37.0
2021-01-25,1.0,GME,Would you like to know more?,5.0,33.0,35.0,8.0,36.0,29.0
2021-01-06,5.0,GME,"Forget the SEC, I took the GME cause to the media",16.0,80.0,42.0,30.0,67.0,41.0
2021-01-24,14.0,GME,Holding strong. Will I be a millionaire? ðŸš€ðŸš€ðŸš€,49.0,180.0,82.0,65.0,135.0,111.0
2021-01-03,35.0,GME,ðŸš€ðŸ’ŽðŸ™Œ GME (Almost-)ULTIMATE DD ðŸ™ŒðŸ’ŽðŸš€,48.0,227.0,190.0,81.0,203.0,181.0
2021-01-17,11.0,GME,TUESDAY IS COMING CHILDREN!!!!!!!! $GME $GME $GME ROCCCKEKEEETTTSSSSSSSSSSSSS,26.0,88.0,42.0,35.0,80.0,41.0
2021-01-07,5.0,GME,Tesla gainz from a loan yolo thank u papa,19.0,117.0,81.0,50.0,89.0,78.0
2021-01-20,1.0,GME,bamboozled,30.0,84.0,34.0,36.0,68.0,44.0
2021-01-15,6.0,GME,Just Doing My Part. Repositioned Entire Retirement Account Into $GME. ðŸŒˆðŸ» Fukd. ðŸŒˆMelvin Fukd. ðŸš€ðŸš€ðŸš€ðŸš€ðŸš€,33.0,117.0,70.0,57.0,100.0,63.0
2021-01-20,9.0,GME,Literally every negative article about GameStop basically says we pumped the stock and they get paid by â€œsomeoneâ€ to write it. Pretty sure I know who that someone is...,27.0,82.0,43.0,46.0,52.0,54.0
2021-01-27,2.0,GME,PSA: Bots are on the Discord and they will manipulate you,11.0,17.0,7.0,7.0,14.0,14.0
2021-01-26,5.0,GME,The Night Before the Squoze,30.0,123.0,68.0,45.0,109.0,67.0
2021-01-26,2.0,GME,Melvin founder once investigated for insider trading.,20.0,28.0,12.0,18.0,24.0,18.0
2020-12-31,1.0,GME,literally just burning money smh,14.0,54.0,23.0,16.0,50.0,25.0
2021-01-19,3.0,GME,Shoutout to You Gay Mods,18.0,38.0,21.0,22.0,26.0,29.0
2021-01-26,3.0,GME,wearing this with pride today ðŸ¥² I love you beautiful retards so much,9.0,24.0,19.0,10.0,21.0,21.0
2021-01-19,4.0,GME,"For my GME brothers, hang on! ðŸš€ðŸš€",7.0,37.0,26.0,14.0,29.0,27.0
2021-01-13,5.0,GME,I FUCKING LOVE YOU GUYS,15.0,53.0,36.0,36.0,36.0,32.0
2021-01-16,9.0,GME,"$BB Story time for you miserable souls that bought the top... gather round my camp fire ðŸ”¥ lads, let me polish your ðŸ’Ž ðŸ™Œ until the mythical piercing green dildo will penetrate us so hard we get sent to the fucking moon ðŸš€ ðŸŒ™",38.0,214.0,126.0,92.0,127.0,159.0
2021-01-19,1.0,GME,"Palantir & PG&E multi-year, multi-million-dollar contract marks the first time Palantirâ€™s Foundry software is being used by a major U.S. utilityâ€™s operations ðŸš€ðŸš€ðŸš€",14.0,75.0,35.0,29.0,39.0,56.0
2021-01-27,4.0,GME,ESTIMATED short interest for GME is still at 140% the squeeze hasn't even been squoze yet. We'll have some official numbers tonight,30.0,79.0,65.0,42.0,68.0,64.0
2021-01-18,14.0,GME,"PSA: Please stop using ""Market Orders"" and Instead Use ""Limit Orders""",62.0,204.0,107.0,84.0,141.0,148.0
2021-01-15,7.0,GME,"Had to close out because they expire today, I turned my stimulus check into $11k",14.0,104.0,42.0,24.0,91.0,45.0
2021-01-19,1.0,GME,Cathie Wood Plans to Start Gourd ETF After Dominating With ARKK,11.0,61.0,27.0,16.0,58.0,25.0
2021-01-13,33.0,GME,GME - EndGame: DTC Infinity.,40.0,193.0,168.0,76.0,131.0,194.0
2021-01-11,1.0,GME,GME Gang stay strong ðŸ’ŽðŸ™Œ For the rest: Last chance to jump on the train,10.0,52.0,33.0,13.0,50.0,32.0
2021-01-20,3.0,GME,"YOU GET BB SHARES, YOU GET BB SHARES - TO THE MOON!! ðŸš€ðŸš€ðŸš€ðŸš€ðŸš€ðŸš€",9.0,55.0,43.0,18.0,60.0,29.0
2021-01-01,7.0,GME,"New year, new GME ðŸš€ðŸš€ðŸš€",9.0,40.0,16.0,13.0,28.0,24.0
2021-01-25,2.0,GME,NOK ðŸš€ðŸš€ðŸš€ðŸš€ðŸš€ðŸš€ðŸš€ðŸš€ðŸš€ðŸš€,12.0,85.0,47.0,31.0,77.0,36.0
2021-01-16,13.0,GME,"Kurt James Wolf, employee with title Director at Gamestop sold shares for a total value of $17,188,200.00 on 1/13/2021, the largest insider trading event in Gamestop's history since 2013...at an average share price of $21.22, completely missing yesterday's big green dildo",36.0,80.0,60.0,47.0,65.0,64.0
2021-01-14,11.0,GME,I accidently bought GME calls for the wrong year,19.0,81.0,39.0,35.0,51.0,53.0
2021-01-26,9.0,GME,The cunts halted GME AGAIN!,56.0,181.0,66.0,75.0,149.0,79.0
2021-01-26,4.0,GME,"S3 founder Bob Sloan: ""You are going to see GameStop go way higher.â€",25.0,75.0,28.0,42.0,42.0,44.0
2021-01-23,9.0,GME,BB - developing smart city patents,46.0,156.0,78.0,70.0,114.0,96.0
2021-01-07,1.0,GME,My portfolio after buying options that some autist put ðŸš€ðŸš€ next to,7.0,27.0,10.0,10.0,21.0,13.0
2021-01-13,1.0,GME,"We made it to TheStreet GME savants expect Cramer to give us a shoutout tonight, THE BOOMERS ARE WAKING UP ðŸš€ðŸš€ðŸš€ðŸŒ•",10.0,26.0,11.0,9.0,29.0,9.0
2021-01-20,3.0,GME,BB gang all the way to the moon!! ðŸš€ðŸš€ Papa ChenðŸš€ðŸš€,12.0,78.0,30.0,16.0,63.0,41.0
2021-01-19,2.0,GME,THE PHANTOM OF WSB (original lyrics and vocals),12.0,49.0,56.0,17.0,40.0,60.0
2021-01-11,1.0,GME,PALANTIR TECHNOLOGIES INC-A Target Px increased to 30 USD by Jefferies. First bullish analyst on WS,31.0,125.0,58.0,49.0,104.0,61.0
2021-01-27,9.0,GME,Jim Cramer Says WallStreetBets and Reddit Has Altered Market Psychology,26.0,82.0,44.0,32.0,62.0,58.0
2021-01-22,1.0,GME,Remember we're not selling for just 420.69,3.0,23.0,19.0,7.0,25.0,13.0
2021-01-10,1.0,GME,Korean news reporting that Apple and Hyundai are in the final stages of a deal and will start production of the Apple car as early as 2024,40.0,226.0,136.0,78.0,164.0,160.0
2021-01-16,32.0,GME,$GME DD- Build-a-PC Kiosks Coming,43.0,208.0,134.0,85.0,123.0,177.0
2021-01-16,6.0,GME,PLTR FOLKS LISTEN IN - KARP AND COHEN TO MAKE >$188M PURCHASE OF PLTR WITHIN THE NEXT 30 DAYS,47.0,176.0,109.0,72.0,153.0,107.0
2021-01-21,1.0,GME,$GME In-Depth DD,5.0,50.0,33.0,15.0,37.0,36.0
2021-01-26,1.0,GME,"GME gains update, this retarded 18y/o ainâ€™t sellin yet",18.0,68.0,44.0,40.0,44.0,46.0
2021-01-24,37.0,GME,Expect more volatility for GME on Monday,70.0,265.0,158.0,121.0,163.0,209.0
2021-01-26,2.0,GME,Repeat after me: I'm not selling,12.0,78.0,30.0,17.0,76.0,27.0
2021-01-26,1.0,GME,The Shortsqueeze Redemption,8.0,53.0,23.0,14.0,50.0,20.0
2021-01-27,2.0,GME,Why would Citron cover at $90 when he believes its going down to $20?,14.0,29.0,12.0,24.0,11.0,20.0
2021-01-22,10.0,GME,GME DD: Float breakdown + MOASS speculations,23.0,117.0,106.0,48.0,70.0,128.0
2021-01-20,3.0,GME,Me watching everyone else blast off...,19.0,58.0,35.0,36.0,47.0,29.0
2021-01-18,2.0,GME,ðŸš€ðŸ’Ž A Message to GME Holders from Bogdanoff! ðŸš€ðŸ’Ž,12.0,41.0,23.0,15.0,39.0,22.0
2021-01-25,5.0,GME,"Last time I posted, I was temp banned because my yolo post wasn't at least a 10k investment. Well, I increased my position to 11k. ðŸš€ðŸš€ðŸš€",18.0,122.0,69.0,35.0,116.0,58.0
2021-01-22,1.0,GME,5 Reasons to buy GME feat Citron Research (Turn on audio),10.0,44.0,31.0,11.0,29.0,45.0
2021-01-18,3.0,GME,GameStop The Mother Of All Short Squeeze The Movie,11.0,43.0,46.0,12.0,35.0,53.0
2021-01-13,21.0,GME,For those who doubted $GME.,63.0,217.0,115.0,98.0,155.0,142.0
2021-01-28,3.0,GME,"Cramer should up his target to 1,420.69 and only then will honor be regained and balance restored!",19.0,49.0,19.0,14.0,54.0,19.0
2021-01-20,14.0,GME,GME on Tuesday: Why didn't the squeeze trigger? What about the shorts attack?,30.0,142.0,109.0,63.0,113.0,105.0
2021-01-23,2.0,GME,You degens have helped me realize the ðŸš€ðŸš€ðŸš€ life,7.0,23.0,11.0,8.0,15.0,18.0
2021-01-17,20.0,GME,"I called $GME about PC hardware, here's the audio! PC Gamer Components are coming to GameStop.",43.0,142.0,78.0,51.0,105.0,107.0
2021-01-26,4.0,GME,"As an elder millennial, please think twice before you pay off your student loans with hard earned tendies",21.0,93.0,59.0,40.0,48.0,85.0
2021-01-15,2.0,GME,Lmao $250 -> $7500 THANK YOU BB ðŸš€ ðŸš€ ðŸš€ 'bout to move out of my truck,22.0,105.0,59.0,24.0,90.0,72.0
2021-01-08,4.0,GME,"""Big Short"" investor Michael Burry predicts Tesla stock will collapse like the housing bubble",80.0,234.0,147.0,110.0,145.0,206.0
2021-01-25,13.0,GME,GME price action,38.0,96.0,58.0,47.0,83.0,62.0
2020-12-30,2.0,GME,Penis in a suit is about to get his shorts blown to bits by a bunch of retards,17.0,43.0,27.0,23.0,39.0,25.0
2021-01-25,6.0,GME,Remember that these people will do whatever it takes to keep you from making money. Fuqâ€™em,63.0,169.0,56.0,98.0,90.0,100.0
2021-01-25,10.0,GME,Goodbye rent and savings 1958 shares @4.66 NOK too the moon!,15.0,112.0,68.0,33.0,103.0,59.0
2021-01-20,3.0,GME,"Is there still room on the BB ship for one more very slow retard? I brought 5,800 troops with me, ready to report for duty!",10.0,62.0,57.0,32.0,45.0,52.0
2021-01-19,10.0,GME,Why the re-rise of BlackBerry and why it wonâ€™t stop here ðŸš€ðŸš€ðŸš€ðŸš€ðŸš€ðŸš€ðŸš€ðŸš€,35.0,149.0,87.0,59.0,126.0,86.0
2021-01-24,26.0,GME,Extremely extensive explanation of gamma squeeze and events that unfolded with GME stock on last Friday,59.0,180.0,109.0,82.0,116.0,150.0
2021-01-20,1.0,GME,PSA: Citron's GME short is not against WSB but against everyday investors,11.0,59.0,20.0,25.0,36.0,29.0
2021-01-17,15.0,GME,"GME - possible scenarios, FOMO and exit plans.",42.0,173.0,102.0,77.0,108.0,132.0
2021-01-27,19.0,GME,"Be wary GME army, these hedge funds are going to give one last hail mary before we fly this ðŸš€ðŸš€ðŸš€ðŸš€ðŸš€ into the fucking sun. To Valhalla brothers, never sell and as always DFV ðŸ–ðŸ–ðŸ–",91.0,214.0,101.0,97.0,171.0,138.0
2021-01-25,3.0,GME,Melvin is bleeding in the billions. Position: 100% all-in GME shares on a cash account.,21.0,85.0,27.0,35.0,62.0,36.0
2021-01-25,5.0,GME,[WSB discord] GME breaks through 100 pre-market ðŸš€,28.0,105.0,46.0,35.0,91.0,53.0
2021-01-26,1.0,GME,"Buy order for 48.5K shares at $80, retail about to come in hard at 9:30... we have them by the balls. Weâ€™re going on a trip in our favorite rocketship...",14.0,93.0,45.0,24.0,76.0,52.0
2021-01-16,12.0,GME,On GME and what to expect Tues/Wed (DD),55.0,194.0,146.0,84.0,147.0,164.0
2021-01-21,2.0,GME,CALLaway Part 6,21.0,104.0,75.0,34.0,80.0,86.0
2021-01-25,7.0,GME,Random Kiwi on my GME gains. ðŸš€ðŸš€ðŸš€ !!!,23.0,113.0,60.0,39.0,90.0,67.0
2021-01-27,2.0,GME,"Im a single Dad of 5, and decided to use my stimulus check for good. I bought my kids new clothes, and then put the rest into GME. Nothing but appreciation to you guys for turning 370 bucks into 4k. This is just the start!",13.0,36.0,32.0,20.0,33.0,28.0
2021-01-14,5.0,GME,ðŸš€ðŸš€$BB Gang ðŸš€ðŸš€ WELCOME TO MY ROCKET SHIP,37.0,180.0,88.0,58.0,165.0,82.0
2021-01-14,5.0,GME,To those still hodling $GME. I salute you,20.0,75.0,36.0,24.0,70.0,37.0
2021-01-25,2.0,GME,Today's squeeze was just like Friday's: BUY THE FUCKIN DIP,12.0,59.0,43.0,29.0,34.0,51.0
2021-01-26,3.0,GME,The Year is 2040:,6.0,35.0,22.0,15.0,28.0,20.0
2021-01-26,22.0,GME,Is NOK being promoted by outsiders? Multiple comments/posts in the three major investing subreddits are fairly new and talk about nothing but NOK.,31.0,132.0,93.0,59.0,86.0,111.0
2021-01-21,18.0,GME,"Aboard of $GME Rocket tomorrow ðŸš€ðŸš€ðŸš€ (Spare me with your awards, buy GME instead) ðŸ’ŽðŸ™Œ",13.0,91.0,51.0,35.0,62.0,58.0
2021-01-25,4.0,GME,BlackBerry released a statement regarding today's rocket launch ðŸš€,20.0,58.0,39.0,26.0,56.0,35.0
2021-01-27,2.0,GME,GME VOLUME IS LOW - SHORTS AREN'T COVERING - HOLD STRONG FOR SQUOZE - ðŸ’ŽðŸ™Œ,11.0,46.0,17.0,22.0,28.0,24.0
2021-01-25,5.0,GME,Boomer guide says I shouldn't pay more than $7 for GME,13.0,46.0,28.0,24.0,36.0,27.0
2021-01-26,1.0,GME,"GME gains before the dip ðŸ¤® Not reducing my position until $1,000!!! ðŸ¥œ",14.0,51.0,23.0,17.0,45.0,26.0
2021-01-22,18.0,GME,Why GMEâ€™s closing today is a sign that it will spike even more next week,34.0,153.0,107.0,80.0,98.0,116.0
2021-01-27,2.0,GME,"AOC Throwinâ€™ Shade At The Assholes On Wall Street. WE LIKE THE STOCK. FUCK WALL STREET, AND THEIR BS. ðŸš€ðŸš€ðŸš€ðŸš€$GME IS LEAVING THE GALAXY, FUELED BY OUR SPITE ðŸš€ðŸš€ðŸš€ðŸš€ POWER TO THE PLAYERS ðŸš€ðŸš€ðŸš€ðŸš€",9.0,28.0,17.0,11.0,16.0,27.0
2021-01-27,5.0,GME,An Appreciation Post to Everyone for Saving a part of our Childhood History. - GME,16.0,68.0,43.0,33.0,55.0,39.0
2021-01-25,2.0,GME,[GME] I lost 400k+ today. PLEASE JUST HOLD,20.0,45.0,35.0,37.0,40.0,23.0
2021-01-11,10.0,GME,"GME gang, hang on to your tits. :)",39.0,104.0,73.0,56.0,74.0,86.0
2021-01-22,5.0,GME,Blackberry ($BB) DD â€“ Why $BB is Mooning and heading to Mars $ðŸš€$ðŸš€$ðŸš€$,27.0,118.0,97.0,47.0,108.0,87.0
2021-01-19,15.0,GME,GME Leadership wants the squeeze to happen. How we may be able to tell the top.,48.0,193.0,119.0,74.0,159.0,127.0
2021-01-27,6.0,GME,$10k -> $425k. Itâ€™s been a wild week so far. My emotions have been all over the place. Itâ€™s great that weâ€™re all on this ride together.,17.0,77.0,42.0,28.0,47.0,61.0
2021-01-26,2.0,GME,"GME Gains. 1.3k to 30k, still not selling a thing fuck Melvin. Iâ€™m 22 finishing university with no job in sight, this will change my life.",7.0,29.0,14.0,12.0,24.0,14.0
2021-01-02,8.0,GME,Theyâ€™ll give you store credit for your shares.,13.0,44.0,29.0,28.0,32.0,26.0
2021-01-14,3.0,GME,WSB Declares Independence,17.0,64.0,33.0,13.0,67.0,34.0
2021-01-06,1.0,GME,Emergency American Politics Containment Zone,121.0,277.0,96.0,137.0,196.0,161.0
2021-01-15,48.0,GME,Gamestop Friday Notes - Short Sellers will loose ðŸš€ðŸš€ðŸš€,60.0,246.0,174.0,123.0,153.0,204.0
2021-01-24,9.0,GME,$BB and $NOK II: Return of the 90s,28.0,112.0,72.0,35.0,111.0,66.0
2021-01-22,7.0,GME,"$GME Thesis: We have near no effect on Gamestop's price, what's really happening and big brain shit inside -- oh and rockets",20.0,73.0,66.0,28.0,50.0,81.0
2021-01-22,12.0,GME,Update on GME VSA,15.0,47.0,36.0,31.0,35.0,32.0
2021-01-26,2.0,GME,"GME volatility was insane yesterday but I'm still holding the line ðŸ’ŽðŸ¤š Stay strong, we are in this together ðŸš€",4.0,44.0,27.0,13.0,44.0,18.0
2021-01-27,9.0,GME,Seriously who the hell is selling??,19.0,45.0,16.0,26.0,24.0,30.0
2021-01-26,17.0,GME,Bets being paid,35.0,131.0,70.0,53.0,107.0,76.0
2021-01-23,6.0,GME,"In December my account was down to 90k, down from my ATH of 150k. This month GME has singlehandedly revived my portfolio and then some. But guess what? IM NEVER FUCKING SELLING ðŸš€ðŸš€ðŸš€ðŸš€ðŸš€ GME PT- $5000.23 ðŸš€ðŸš€ðŸš€ðŸš€ðŸš€ obligatory positions: GME 1/22 22c, 4.1k shares",14.0,42.0,45.0,18.0,38.0,45.0
2021-01-28,1.0,GME,"Hold your ground, HOLD $GME",9.0,48.0,30.0,9.0,55.0,23.0
2021-01-26,9.0,GME,I'm doing my part! Are you doing yours? $GMEðŸš€ðŸš€ðŸš€ðŸš€ðŸš€,15.0,80.0,46.0,24.0,64.0,53.0
2021-01-27,22.0,GME,"$GME: Analysis of $1,000+ potential",55.0,223.0,133.0,87.0,180.0,144.0
2021-01-27,11.0,GME,BB TOO THE MOON!!!ðŸš€ðŸš€ðŸš€ðŸš€ I did my part did you do yours!?,36.0,132.0,77.0,54.0,142.0,49.0
2021-01-09,3.0,GME,Game of WSB (sound on for singalong),11.0,52.0,26.0,21.0,36.0,32.0
2021-01-25,1.0,GME,NOT FCKING SELLING! $NOK NOKIA,6.0,63.0,31.0,16.0,60.0,24.0
2021-01-21,1.0,GME,"GME - How shorts manipulated you, and how you can be better",5.0,40.0,38.0,19.0,25.0,39.0
2021-01-15,1.0,GME,GME - Revenge of the Shorts,11.0,16.0,12.0,7.0,20.0,12.0
2021-01-25,8.0,GME,"BB to the moon! Happy monday boyz! ðŸš€ðŸš€ðŸš€ðŸš€ Remember, diamond hands all the way up ðŸ‘‹ðŸ»ðŸ’Ž were in same boat",39.0,150.0,53.0,48.0,124.0,70.0
2021-01-27,3.0,GME,"DONT SELL YOUR GME, GET RID OF THE BB AND AMC AND NOK. FULL SEND GAMESTOP. WE GOT THIS YALL!!!!!!!!!!ðŸš€ðŸš€ðŸš€ðŸš€ðŸš€ðŸš€ðŸš€ðŸš€ðŸš€ðŸš€ðŸš€ðŸš€ðŸš€ðŸš€ðŸš€ðŸš€ðŸš€ðŸš€ðŸš€ðŸš€ðŸš€ðŸš€ðŸš€ðŸš€ðŸš€",15.0,45.0,24.0,14.0,33.0,37.0
2021-01-04,11.0,GME,$15k in NIO shares and $62k in calls purchased starting $42 last week,16.0,85.0,49.0,34.0,63.0,53.0
2021-01-25,4.0,GME,can we do the same for $AMC as we did for $GME,20.0,59.0,32.0,24.0,54.0,33.0
2021-01-26,3.0,GME,Give me tendies or give me death ðŸ’ŽðŸ™ŒðŸ¼ðŸš€ðŸš€ðŸš€,10.0,58.0,38.0,20.0,54.0,32.0
2021-01-20,6.0,GME,GME - Equity Research. Including Bear $32/Base $80/Bull $169,12.0,67.0,51.0,20.0,45.0,65.0
2021-01-14,6.0,GME,100% ALL IN GME ðŸš€ðŸš€ðŸš€ðŸš€ðŸš€,36.0,93.0,49.0,44.0,81.0,53.0
2021-01-21,4.0,GME,GME BOUGHT LIVE ON BENZINGA. ONE OF US ðŸš€ðŸš€ðŸš€ðŸš€ðŸš€ðŸš€ðŸš€ðŸš€ðŸš€ðŸš€,15.0,45.0,32.0,22.0,33.0,37.0
2021-01-17,5.0,GME,You guys know that BB's CEO gets a massive bonus if share price hits $16 and $20 right?,27.0,119.0,65.0,45.0,109.0,57.0
2021-01-27,3.0,GME,Up over a million AND Iâ€™M NOT FUCKING SELLING LETS GO NEVER BET AGAINST WSB WEâ€™RE ALL GETTING RICH IN HERE!!!!!!!!!!!!!!!,7.0,33.0,29.0,16.0,23.0,30.0
2021-01-26,1.0,GME,HOLD YOU RETARDS!! HOLDDDDD ðŸš€ðŸš€ðŸš€ðŸš€ðŸš€ðŸš€ðŸš€ðŸ’ŽðŸ–,12.0,55.0,16.0,18.0,46.0,19.0
2021-01-21,9.0,GME,update to my BB thesis from one year ago.,24.0,114.0,75.0,27.0,89.0,97.0
2021-01-21,3.0,GME,Added 10k more Shares GME. $420.69 or Bust! Fuck Melvin & Shitron!! ðŸ’Žâœ‹ðŸ¼ðŸ¥œ #DoinMyPart,10.0,37.0,27.0,15.0,34.0,25.0
2021-01-27,1.0,GME,These investment firms bankrupted our parents in 2008. Iâ€™ll ride GME until I die.,5.0,10.0,2.0,2.0,11.0,4.0
2021-01-25,4.0,GME,I am starting to doubt that we're the real retards. Seems to me that Bloomberg & Friends are much more retarded. (Src: Bloomberg),27.0,57.0,25.0,39.0,43.0,27.0
2021-01-28,11.0,GME,"Useful DD, particularly if today made you wary",33.0,133.0,79.0,49.0,97.0,99.0
2021-01-25,4.0,GME,Do I withdraw everything I own and buy AMC?,23.0,104.0,68.0,47.0,101.0,47.0
2021-01-23,10.0,GME,Tax Reduction Strategy for GME holders about to get bitch slapped by the IRS in 2021. Also a way to boost revenues to close out Q4 earnings (and beyond).,26.0,118.0,83.0,48.0,69.0,110.0
2021-01-20,7.0,GME,Sold my tesla shares to all in $BB ðŸ’Žâœ‹ 14k Margin,4.0,87.0,54.0,17.0,75.0,53.0
2021-01-26,4.0,GME,GME: Why Melvins bailout will lead to their demise,39.0,109.0,49.0,52.0,79.0,66.0
2021-01-24,22.0,GME,$BB Bear DD. The case against QNX.,49.0,202.0,160.0,76.0,120.0,215.0
2021-01-15,3.0,GME,$BB will be the phoenix that rises from the ashes,32.0,161.0,124.0,64.0,155.0,98.0
2021-01-21,4.0,GME,"Believe it or Not, BUY GME!",3.0,26.0,11.0,8.0,22.0,10.0
2021-01-26,2.0,GME,"Since Citadel invested in Melvin Capital, I prepared a small collection of news articles with the fines that they paid.",31.0,83.0,17.0,47.0,46.0,38.0
2021-01-05,12.0,GME,Attention All GME Paper Handed Money Haters,40.0,151.0,85.0,72.0,109.0,95.0
2021-01-15,2.0,GME,$BB - Who Doesnâ€™t Love a Comeback Story..,10.0,37.0,22.0,21.0,29.0,19.0
2021-01-27,8.0,GME,$BB letâ€™s make this happen. I did my part!,21.0,110.0,65.0,32.0,97.0,67.0
2021-01-25,7.0,GME,600k YOLO GME,24.0,100.0,49.0,40.0,84.0,49.0
2021-01-27,1.0,GME,STOP TELLING PEOPLE TO BUY CERTAIN STOCKS. This is against the sub rules! ALSO SHOUT OUT TO THE MODS **this isnâ€™t financial advice,8.0,16.0,9.0,7.0,16.0,10.0
2021-01-21,3.0,GME,Reported for duty this morning,8.0,26.0,24.0,15.0,24.0,19.0
2021-01-27,1.0,GME,There have been millions of words said on WallStreetBets over the last few hours. Hereâ€™s a visualization of some of them.,6.0,33.0,13.0,13.0,22.0,17.0
2021-01-17,18.0,GME,Legacy of WSB: GME short squeeze,60.0,199.0,119.0,83.0,146.0,149.0
2021-01-27,3.0,GME,Quit panicking. This stabilization of GME is good.,4.0,23.0,24.0,16.0,18.0,17.0
2021-01-21,9.0,GME,Update: On Citron's 5 reasons and how they might try to manipulate you tomorrow,11.0,67.0,59.0,28.0,34.0,75.0
2021-01-13,4.0,GME,"GME ðŸš€ðŸš€ðŸš€, i aint sellin'",24.0,102.0,43.0,34.0,98.0,37.0
